seed,strategy,final_qol,env,eco,saf,cul,hub_spread,placed_count,budget_used,use_circus,use_factory,use_hospital,use_mall,use_museum,use_office,use_park,use_recycling_plant,use_school
1234,Greedy,22.0,73.0,14.0,0.0,0.0,0.4,3,1000,0,0,0,0,0,1,1,1,0
1235,Greedy,21.0,73.0,14.0,0.0,0.0,0.9,3,1000,0,0,0,0,0,1,1,1,0
1236,Greedy,22.0,73.0,14.0,0.0,0.0,0.3,3,1000,0,0,0,0,0,1,1,1,0
1237,Greedy,21.0,72.0,14.0,0.0,0.0,1.1,3,1000,0,0,0,0,0,1,1,1,0
1238,Greedy,23.0,0.0,93.0,0.0,0.0,1.0,2,1000,0,2,0,0,0,0,0,0,0
1239,Greedy,22.0,27.0,14.0,0.0,47.0,0.3,3,970,1,0,0,0,0,1,1,0,0
1240,Greedy,22.0,73.0,14.0,0.0,0.0,0.2,3,1000,0,0,0,0,0,1,1,1,0
1241,Greedy,23.0,0.0,92.0,0.0,0.0,1.1,2,1000,0,2,0,0,0,0,0,0,0
1242,Greedy,23.0,0.0,93.0,0.0,0.0,1.0,2,1000,0,2,0,0,0,0,0,0,0
1243,Greedy,18.0,27.0,0.0,47.0,0.0,0.5,2,950,0,0,1,0,0,0,1,0,0
1244,Greedy,22.0,73.0,14.0,0.0,0.0,0.3,3,1000,0,0,0,0,0,1,1,1,0
1245,Greedy,25.0,46.0,27.0,0.0,27.0,0.5,3,1000,0,0,0,1,1,0,0,1,0
1246,Greedy,23.0,0.0,93.0,0.0,0.0,1.1,2,1000,0,2,0,0,0,0,0,0,0
1247,Greedy,18.0,27.0,0.0,47.0,0.0,0.6,2,950,0,0,1,0,0,0,1,0,0
1248,Greedy,18.0,27.0,0.0,47.0,0.0,0.4,2,950,0,0,1,0,0,0,1,0,0
1249,Greedy,22.0,73.0,14.0,0.0,0.0,0.4,3,1000,0,0,0,0,0,1,1,1,0
1250,Greedy,18.0,26.0,0.0,47.0,0.0,0.6,2,950,0,0,1,0,0,0,1,0,0
1251,Greedy,21.0,73.0,14.0,0.0,0.0,0.5,3,1000,0,0,0,0,0,1,1,1,0
1252,Greedy,23.0,0.0,93.0,0.0,0.0,1.1,2,1000,0,2,0,0,0,0,0,0,0
1253,Greedy,22.0,73.0,14.0,0.0,0.0,0.3,3,1000,0,0,0,0,0,1,1,1,0
1254,Greedy,18.0,27.0,0.0,47.0,0.0,0.4,2,950,0,0,1,0,0,0,1,0,0
1255,Greedy,22.0,73.0,14.0,0.0,0.0,0.3,3,1000,0,0,0,0,0,1,1,1,0
1256,Greedy,23.0,0.0,93.0,0.0,0.0,0.7,2,1000,0,2,0,0,0,0,0,0,0
1257,Greedy,22.0,27.0,14.0,0.0,47.0,0.5,3,970,1,0,0,0,0,1,1,0,0
1258,Greedy,21.0,73.0,14.0,0.0,0.0,1.3,3,1000,0,0,0,0,0,1,1,1,0
1259,Greedy,21.0,73.0,14.0,0.0,0.0,1.0,3,1000,0,0,0,0,0,1,1,1,0
1260,Greedy,21.0,73.0,14.0,0.0,0.0,0.7,3,1000,0,0,0,0,0,1,1,1,0
1261,Greedy,22.0,73.0,14.0,0.0,0.0,0.2,3,1000,0,0,0,0,0,1,1,1,0
1262,Greedy,21.0,73.0,14.0,0.0,0.0,1.1,3,1000,0,0,0,0,0,1,1,1,0
1263,Greedy,22.0,73.0,14.0,0.0,0.0,0.2,3,1000,0,0,0,0,0,1,1,1,0
1264,Greedy,23.0,0.0,93.0,0.0,0.0,0.8,2,1000,0,2,0,0,0,0,0,0,0
1265,Greedy,21.0,73.0,14.0,0.0,0.0,0.5,3,1000,0,0,0,0,0,1,1,1,0
1266,Greedy,22.0,73.0,14.0,0.0,0.0,0.5,3,1000,0,0,0,0,0,1,1,1,0
1267,Greedy,22.0,73.0,14.0,0.0,0.0,0.3,3,1000,0,0,0,0,0,1,1,1,0
1268,Greedy,18.0,27.0,0.0,47.0,0.0,0.7,2,950,0,0,1,0,0,0,1,0,0
1269,Greedy,21.0,73.0,14.0,0.0,0.0,0.7,3,1000,0,0,0,0,0,1,1,1,0
1270,Greedy,21.0,73.0,14.0,0.0,0.0,0.7,3,1000,0,0,0,0,0,1,1,1,0
1271,Greedy,18.0,27.0,0.0,47.0,0.0,0.6,2,950,0,0,1,0,0,0,1,0,0
1272,Greedy,21.0,72.0,14.0,0.0,0.0,0.7,3,1000,0,0,0,0,0,1,1,1,0
1273,Greedy,21.0,73.0,14.0,0.0,0.0,0.9,3,1000,0,0,0,0,0,1,1,1,0
1274,Greedy,22.0,73.0,14.0,0.0,0.0,0.3,3,1000,0,0,0,0,0,1,1,1,0
1275,Greedy,22.0,73.0,14.0,0.0,0.0,0.3,3,1000,0,0,0,0,0,1,1,1,0
1276,Greedy,23.0,0.0,93.0,0.0,0.0,0.8,2,1000,0,2,0,0,0,0,0,0,0
1277,Greedy,24.0,45.0,53.0,0.0,0.0,0.9,3,950,0,0,0,2,0,0,0,1,0
1278,Greedy,23.0,0.0,93.0,0.0,0.0,0.3,2,1000,0,2,0,0,0,0,0,0,0
1279,Greedy,22.0,73.0,14.0,0.0,0.0,0.3,3,1000,0,0,0,0,0,1,1,1,0
1280,Greedy,22.0,27.0,14.0,0.0,47.0,0.4,3,970,1,0,0,0,0,1,1,0,0
1281,Greedy,23.0,0.0,92.0,0.0,0.0,1.1,2,1000,0,2,0,0,0,0,0,0,0
1282,Greedy,23.0,0.0,93.0,0.0,0.0,1.0,2,1000,0,2,0,0,0,0,0,0,0
1283,Greedy,21.0,73.0,14.0,0.0,0.0,0.7,3,1000,0,0,0,0,0,1,1,1,0
1284,Greedy,18.0,27.0,0.0,47.0,0.0,0.6,2,950,0,0,1,0,0,0,1,0,0
1285,Greedy,21.0,73.0,14.0,0.0,0.0,1.2,3,1000,0,0,0,0,0,1,1,1,0
1286,Greedy,22.0,73.0,14.0,0.0,0.0,0.4,3,1000,0,0,0,0,0,1,1,1,0
1287,Greedy,21.0,72.0,14.0,0.0,0.0,0.6,3,1000,0,0,0,0,0,1,1,1,0
1288,Greedy,21.0,73.0,14.0,0.0,0.0,0.9,3,1000,0,0,0,0,0,1,1,1,0
1289,Greedy,18.0,27.0,0.0,47.0,0.0,0.4,2,950,0,0,1,0,0,0,1,0,0
1290,Greedy,23.0,0.0,93.0,0.0,0.0,1.1,2,1000,0,2,0,0,0,0,0,0,0
1291,Greedy,23.0,0.0,93.0,0.0,0.0,0.5,2,1000,0,2,0,0,0,0,0,0,0
1292,Greedy,22.0,73.0,14.0,0.0,0.0,0.4,3,1000,0,0,0,0,0,1,1,1,0
1293,Greedy,21.0,73.0,14.0,0.0,0.0,1.0,3,1000,0,0,0,0,0,1,1,1,0
1294,Greedy,23.0,0.0,93.0,0.0,0.0,0.9,2,1000,0,2,0,0,0,0,0,0,0
1295,Greedy,21.0,73.0,14.0,0.0,0.0,0.8,3,1000,0,0,0,0,0,1,1,1,0
1296,Greedy,22.0,73.0,14.0,0.0,0.0,0.3,3,1000,0,0,0,0,0,1,1,1,0
1297,Greedy,21.0,73.0,14.0,0.0,0.0,1.0,3,1000,0,0,0,0,0,1,1,1,0
1298,Greedy,22.0,73.0,14.0,0.0,0.0,0.2,3,1000,0,0,0,0,0,1,1,1,0
1299,Greedy,23.0,0.0,93.0,0.0,0.0,1.1,2,1000,0,2,0,0,0,0,0,0,0
1300,Greedy,23.0,0.0,93.0,0.0,0.0,1.0,2,1000,0,2,0,0,0,0,0,0,0
1301,Greedy,23.0,0.0,93.0,0.0,0.0,0.9,2,1000,0,2,0,0,0,0,0,0,0
1302,Greedy,22.0,73.0,14.0,0.0,0.0,0.3,3,1000,0,0,0,0,0,1,1,1,0
1303,Greedy,22.0,26.0,0.0,0.0,60.0,0.4,3,990,1,0,0,0,0,0,1,0,1
1304,Greedy,22.0,27.0,14.0,0.0,47.0,0.2,3,970,1,0,0,0,0,1,1,0,0
1305,Greedy,21.0,73.0,14.0,0.0,0.0,0.6,3,1000,0,0,0,0,0,1,1,1,0
1306,Greedy,21.0,73.0,14.0,0.0,0.0,1.2,3,1000,0,0,0,0,0,1,1,1,0
1307,Greedy,23.0,0.0,93.0,0.0,0.0,1.0,2,1000,0,2,0,0,0,0,0,0,0
1308,Greedy,23.0,0.0,93.0,0.0,0.0,0.8,2,1000,0,2,0,0,0,0,0,0,0
1309,Greedy,18.0,27.0,0.0,47.0,0.0,0.7,2,950,0,0,1,0,0,0,1,0,0
1310,Greedy,18.0,27.0,0.0,47.0,0.0,0.6,2,950,0,0,1,0,0,0,1,0,0
1311,Greedy,23.0,0.0,93.0,0.0,0.0,1.1,2,1000,0,2,0,0,0,0,0,0,0
1312,Greedy,22.0,73.0,14.0,0.0,0.0,0.4,3,1000,0,0,0,0,0,1,1,1,0
1313,Greedy,21.0,73.0,14.0,0.0,0.0,1.0,3,1000,0,0,0,0,0,1,1,1,0
1314,Greedy,23.0,0.0,93.0,0.0,0.0,0.9,2,1000,0,2,0,0,0,0,0,0,0
1315,Greedy,21.0,73.0,14.0,0.0,0.0,0.8,3,1000,0,0,0,0,0,1,1,1,0
1316,Greedy,21.0,73.0,14.0,0.0,0.0,0.8,3,1000,0,0,0,0,0,1,1,1,0
1317,Greedy,18.0,26.0,0.0,47.0,0.0,0.5,2,950,0,0,1,0,0,0,1,0,0
1318,Greedy,18.0,26.0,0.0,47.0,0.0,0.5,2,950,0,0,1,0,0,0,1,0,0
1319,Greedy,22.0,27.0,14.0,0.0,47.0,0.5,3,970,1,0,0,0,0,1,1,0,0
1320,Greedy,22.0,73.0,14.0,0.0,0.0,0.2,3,1000,0,0,0,0,0,1,1,1,0
1321,Greedy,22.0,27.0,14.0,0.0,47.0,0.4,3,970,1,0,0,0,0,1,1,0,0
1322,Greedy,22.0,73.0,14.0,0.0,0.0,0.4,3,1000,0,0,0,0,0,1,1,1,0
1323,Greedy,23.0,0.0,93.0,0.0,0.0,1.0,2,1000,0,2,0,0,0,0,0,0,0
1324,Greedy,21.0,72.0,14.0,0.0,0.0,0.6,3,1000,0,0,0,0,0,1,1,1,0
1325,Greedy,18.0,27.0,0.0,47.0,0.0,0.5,2,950,0,0,1,0,0,0,1,0,0
1326,Greedy,23.0,0.0,92.0,0.0,0.0,0.8,2,1000,0,2,0,0,0,0,0,0,0
1327,Greedy,22.0,73.0,14.0,0.0,0.0,0.2,3,1000,0,0,0,0,0,1,1,1,0
1328,Greedy,22.0,27.0,14.0,0.0,47.0,0.3,3,970,1,0,0,0,0,1,1,0,0
1329,Greedy,18.0,27.0,0.0,47.0,0.0,0.3,2,950,0,0,1,0,0,0,1,0,0
1330,Greedy,18.0,27.0,0.0,47.0,0.0,0.5,2,950,0,0,1,0,0,0,1,0,0
1331,Greedy,22.0,27.0,14.0,0.0,47.0,0.3,3,970,1,0,0,0,0,1,1,0,0
1332,Greedy,22.0,73.0,14.0,0.0,0.0,0.3,3,1000,0,0,0,0,0,1,1,1,0
1333,Greedy,21.0,73.0,14.0,0.0,0.0,1.5,3,1000,0,0,0,0,0,1,1,1,0
1334,Greedy,23.0,0.0,93.0,0.0,0.0,0.9,2,1000,0,2,0,0,0,0,0,0,0
1335,Greedy,22.0,73.0,14.0,0.0,0.0,0.3,3,1000,0,0,0,0,0,1,1,1,0
1336,Greedy,22.0,27.0,14.0,0.0,47.0,0.3,3,970,1,0,0,0,0,1,1,0,0
1337,Greedy,23.0,0.0,93.0,0.0,0.0,0.2,2,1000,0,2,0,0,0,0,0,0,0
1338,Greedy,21.0,73.0,14.0,0.0,0.0,1.1,3,1000,0,0,0,0,0,1,1,1,0
1339,Greedy,22.0,73.0,14.0,0.0,0.0,0.5,3,1000,0,0,0,0,0,1,1,1,0
1340,Greedy,18.0,26.0,0.0,47.0,0.0,0.7,2,950,0,0,1,0,0,0,1,0,0
1341,Greedy,21.0,73.0,14.0,0.0,0.0,1.2,3,1000,0,0,0,0,0,1,1,1,0
1342,Greedy,22.0,73.0,14.0,0.0,0.0,0.3,3,1000,0,0,0,0,0,1,1,1,0
1343,Greedy,22.0,73.0,14.0,0.0,0.0,0.4,3,1000,0,0,0,0,0,1,1,1,0
1344,Greedy,22.0,73.0,14.0,0.0,0.0,0.3,3,1000,0,0,0,0,0,1,1,1,0
1345,Greedy,21.0,73.0,14.0,0.0,0.0,0.7,3,1000,0,0,0,0,0,1,1,1,0
1346,Greedy,21.0,73.0,14.0,0.0,0.0,1.3,3,1000,0,0,0,0,0,1,1,1,0
1347,Greedy,22.0,73.0,14.0,0.0,0.0,0.5,3,1000,0,0,0,0,0,1,1,1,0
1348,Greedy,22.0,73.0,14.0,0.0,0.0,0.2,3,1000,0,0,0,0,0,1,1,1,0
1349,Greedy,21.0,73.0,14.0,0.0,0.0,1.6,3,1000,0,0,0,0,0,1,1,1,0
1350,Greedy,21.0,73.0,14.0,0.0,0.0,1.1,3,1000,0,0,0,0,0,1,1,1,0
1351,Greedy,22.0,73.0,14.0,0.0,0.0,0.2,3,1000,0,0,0,0,0,1,1,1,0
1352,Greedy,22.0,73.0,14.0,0.0,0.0,0.4,3,1000,0,0,0,0,0,1,1,1,0
1353,Greedy,21.0,73.0,14.0,0.0,0.0,0.7,3,1000,0,0,0,0,0,1,1,1,0
1354,Greedy,18.0,27.0,0.0,47.0,0.0,0.5,2,950,0,0,1,0,0,0,1,0,0
1355,Greedy,23.0,0.0,93.0,0.0,0.0,0.7,2,1000,0,2,0,0,0,0,0,0,0
1356,Greedy,23.0,0.0,93.0,0.0,0.0,0.6,2,1000,0,2,0,0,0,0,0,0,0
1357,Greedy,18.0,27.0,0.0,47.0,0.0,0.4,2,950,0,0,1,0,0,0,1,0,0
1358,Greedy,18.0,27.0,0.0,47.0,0.0,0.4,2,950,0,0,1,0,0,0,1,0,0
1359,Greedy,21.0,73.0,14.0,0.0,0.0,1.0,3,1000,0,0,0,0,0,1,1,1,0
1360,Greedy,18.0,27.0,0.0,47.0,0.0,0.5,2,950,0,0,1,0,0,0,1,0,0
1361,Greedy,21.0,73.0,14.0,0.0,0.0,1.3,3,1000,0,0,0,0,0,1,1,1,0
1362,Greedy,22.0,27.0,0.0,0.0,60.0,0.5,3,990,1,0,0,0,0,0,1,0,1
1363,Greedy,23.0,0.0,92.0,0.0,0.0,0.9,2,1000,0,2,0,0,0,0,0,0,0
1364,Greedy,21.0,72.0,14.0,0.0,0.0,0.6,3,1000,0,0,0,0,0,1,1,1,0
1365,Greedy,22.0,73.0,14.0,0.0,0.0,0.4,3,1000,0,0,0,0,0,1,1,1,0
1366,Greedy,21.0,72.0,14.0,0.0,0.0,0.7,3,1000,0,0,0,0,0,1,1,1,0
1367,Greedy,18.0,27.0,0.0,47.0,0.0,0.6,2,950,0,0,1,0,0,0,1,0,0
1368,Greedy,21.0,72.0,14.0,0.0,0.0,0.5,3,1000,0,0,0,0,0,1,1,1,0
1369,Greedy,21.0,73.0,14.0,0.0,0.0,0.7,3,1000,0,0,0,0,0,1,1,1,0
1370,Greedy,23.0,0.0,93.0,0.0,0.0,0.8,2,1000,0,2,0,0,0,0,0,0,0
1371,Greedy,21.0,72.0,14.0,0.0,0.0,0.4,3,1000,0,0,0,0,0,1,1,1,0
1372,Greedy,21.0,73.0,14.0,0.0,0.0,0.7,3,1000,0,0,0,0,0,1,1,1,0
1373,Greedy,22.0,73.0,14.0,0.0,0.0,0.3,3,1000,0,0,0,0,0,1,1,1,0
1374,Greedy,18.0,27.0,0.0,47.0,0.0,0.8,2,950,0,0,1,0,0,0,1,0,0
1375,Greedy,22.0,73.0,14.0,0.0,0.0,0.3,3,1000,0,0,0,0,0,1,1,1,0
1376,Greedy,22.0,73.0,14.0,0.0,0.0,0.2,3,1000,0,0,0,0,0,1,1,1,0
1377,Greedy,21.0,73.0,14.0,0.0,0.0,0.6,3,1000,0,0,0,0,0,1,1,1,0
1378,Greedy,23.0,0.0,93.0,0.0,0.0,1.0,2,1000,0,2,0,0,0,0,0,0,0
1379,Greedy,22.0,73.0,14.0,0.0,0.0,0.4,3,1000,0,0,0,0,0,1,1,1,0
1380,Greedy,23.0,0.0,93.0,0.0,0.0,0.8,2,1000,0,2,0,0,0,0,0,0,0
1381,Greedy,21.0,73.0,14.0,0.0,0.0,0.6,3,1000,0,0,0,0,0,1,1,1,0
1382,Greedy,23.0,0.0,93.0,0.0,0.0,0.8,2,1000,0,2,0,0,0,0,0,0,0
1383,Greedy,22.0,73.0,14.0,0.0,0.0,0.2,3,1000,0,0,0,0,0,1,1,1,0
1384,Greedy,21.0,73.0,14.0,0.0,0.0,0.9,3,1000,0,0,0,0,0,1,1,1,0
1385,Greedy,21.0,73.0,14.0,0.0,0.0,0.8,3,1000,0,0,0,0,0,1,1,1,0
1386,Greedy,23.0,0.0,93.0,0.0,0.0,0.8,2,1000,0,2,0,0,0,0,0,0,0
1387,Greedy,21.0,73.0,14.0,0.0,0.0,1.2,3,1000,0,0,0,0,0,1,1,1,0
1388,Greedy,21.0,73.0,14.0,0.0,0.0,0.4,3,1000,0,0,0,0,0,1,1,1,0
1389,Greedy,23.0,0.0,92.0,0.0,0.0,1.0,2,1000,0,2,0,0,0,0,0,0,0
1390,Greedy,23.0,0.0,93.0,0.0,0.0,0.6,2,1000,0,2,0,0,0,0,0,0,0
1391,Greedy,18.0,27.0,0.0,47.0,0.0,0.5,2,950,0,0,1,0,0,0,1,0,0
1392,Greedy,22.0,73.0,14.0,0.0,0.0,0.2,3,1000,0,0,0,0,0,1,1,1,0
1393,Greedy,21.0,73.0,14.0,0.0,0.0,0.9,3,1000,0,0,0,0,0,1,1,1,0
1394,Greedy,23.0,0.0,93.0,0.0,0.0,0.7,2,1000,0,2,0,0,0,0,0,0,0
1395,Greedy,22.0,73.0,14.0,0.0,0.0,0.3,3,1000,0,0,0,0,0,1,1,1,0
1396,Greedy,22.0,73.0,14.0,0.0,0.0,0.3,3,1000,0,0,0,0,0,1,1,1,0
1397,Greedy,21.0,73.0,14.0,0.0,0.0,0.7,3,1000,0,0,0,0,0,1,1,1,0
1398,Greedy,21.0,73.0,14.0,0.0,0.0,1.0,3,1000,0,0,0,0,0,1,1,1,0
1399,Greedy,23.0,0.0,93.0,0.0,0.0,0.8,2,1000,0,2,0,0,0,0,0,0,0
1400,Greedy,21.0,73.0,14.0,0.0,0.0,0.5,3,1000,0,0,0,0,0,1,1,1,0
1401,Greedy,22.0,73.0,14.0,0.0,0.0,0.3,3,1000,0,0,0,0,0,1,1,1,0
1402,Greedy,21.0,73.0,14.0,0.0,0.0,0.8,3,1000,0,0,0,0,0,1,1,1,0
1403,Greedy,18.0,27.0,0.0,47.0,0.0,0.5,2,950,0,0,1,0,0,0,1,0,0
1404,Greedy,22.0,73.0,14.0,0.0,0.0,0.4,3,1000,0,0,0,0,0,1,1,1,0
1405,Greedy,22.0,73.0,14.0,0.0,0.0,0.3,3,1000,0,0,0,0,0,1,1,1,0
1406,Greedy,18.0,27.0,0.0,47.0,0.0,0.3,2,950,0,0,1,0,0,0,1,0,0
1407,Greedy,18.0,27.0,0.0,47.0,0.0,0.6,2,950,0,0,1,0,0,0,1,0,0
1408,Greedy,23.0,0.0,93.0,0.0,0.0,0.7,2,1000,0,2,0,0,0,0,0,0,0
1409,Greedy,22.0,27.0,14.0,0.0,47.0,0.5,3,970,1,0,0,0,0,1,1,0,0
1410,Greedy,22.0,73.0,14.0,0.0,0.0,0.5,3,1000,0,0,0,0,0,1,1,1,0
1411,Greedy,18.0,27.0,0.0,47.0,0.0,0.2,2,950,0,0,1,0,0,0,1,0,0
1412,Greedy,22.0,73.0,14.0,0.0,0.0,0.4,3,1000,0,0,0,0,0,1,1,1,0
1413,Greedy,22.0,73.0,14.0,0.0,0.0,0.4,3,1000,0,0,0,0,0,1,1,1,0
1414,Greedy,21.0,73.0,14.0,0.0,0.0,1.2,3,1000,0,0,0,0,0,1,1,1,0
1415,Greedy,23.0,0.0,93.0,0.0,0.0,0.7,2,1000,0,2,0,0,0,0,0,0,0
1416,Greedy,18.0,27.0,0.0,47.0,0.0,0.5,2,950,0,0,1,0,0,0,1,0,0
1417,Greedy,18.0,26.0,0.0,47.0,0.0,0.6,2,950,0,0,1,0,0,0,1,0,0
1418,Greedy,23.0,0.0,93.0,0.0,0.0,1.0,2,1000,0,2,0,0,0,0,0,0,0
1419,Greedy,21.0,73.0,14.0,0.0,0.0,0.7,3,1000,0,0,0,0,0,1,1,1,0
1420,Greedy,22.0,73.0,14.0,0.0,0.0,0.4,3,1000,0,0,0,0,0,1,1,1,0
1421,Greedy,23.0,0.0,92.0,0.0,0.0,1.1,2,1000,0,2,0,0,0,0,0,0,0
1422,Greedy,22.0,73.0,14.0,0.0,0.0,0.4,3,1000,0,0,0,0,0,1,1,1,0
1423,Greedy,21.0,73.0,14.0,0.0,0.0,1.1,3,1000,0,0,0,0,0,1,1,1,0
1424,Greedy,22.0,27.0,14.0,0.0,47.0,0.4,3,970,1,0,0,0,0,1,1,0,0
1425,Greedy,22.0,73.0,14.0,0.0,0.0,0.4,3,1000,0,0,0,0,0,1,1,1,0
1426,Greedy,18.0,27.0,0.0,47.0,0.0,0.8,2,950,0,0,1,0,0,0,1,0,0
1427,Greedy,22.0,27.0,0.0,0.0,60.0,0.4,3,990,1,0,0,0,0,0,1,0,1
1428,Greedy,23.0,0.0,93.0,0.0,0.0,0.8,2,1000,0,2,0,0,0,0,0,0,0
1429,Greedy,23.0,0.0,93.0,0.0,0.0,0.9,2,1000,0,2,0,0,0,0,0,0,0
1430,Greedy,22.0,73.0,14.0,0.0,0.0,0.3,3,1000,0,0,0,0,0,1,1,1,0
1431,Greedy,22.0,27.0,14.0,0.0,47.0,0.3,3,970,1,0,0,0,0,1,1,0,0
1432,Greedy,18.0,27.0,0.0,47.0,0.0,0.5,2,950,0,0,1,0,0,0,1,0,0
1433,Greedy,21.0,73.0,14.0,0.0,0.0,1.2,3,1000,0,0,0,0,0,1,1,1,0
1434,Greedy,23.0,0.0,93.0,0.0,0.0,0.9,2,1000,0,2,0,0,0,0,0,0,0
1435,Greedy,22.0,73.0,14.0,0.0,0.0,0.5,3,1000,0,0,0,0,0,1,1,1,0
1436,Greedy,23.0,0.0,93.0,0.0,0.0,0.8,2,1000,0,2,0,0,0,0,0,0,0
1437,Greedy,21.0,73.0,14.0,0.0,0.0,0.7,3,1000,0,0,0,0,0,1,1,1,0
1438,Greedy,23.0,0.0,93.0,0.0,0.0,0.8,2,1000,0,2,0,0,0,0,0,0,0
1439,Greedy,21.0,73.0,14.0,0.0,0.0,1.1,3,1000,0,0,0,0,0,1,1,1,0
1440,Greedy,22.0,73.0,14.0,0.0,0.0,0.5,3,1000,0,0,0,0,0,1,1,1,0
1441,Greedy,22.0,27.0,14.0,0.0,47.0,0.3,3,970,1,0,0,0,0,1,1,0,0
1442,Greedy,21.0,73.0,14.0,0.0,0.0,1.0,3,1000,0,0,0,0,0,1,1,1,0
1443,Greedy,22.0,73.0,14.0,0.0,0.0,0.4,3,1000,0,0,0,0,0,1,1,1,0
1444,Greedy,21.0,73.0,14.0,0.0,0.0,0.6,3,1000,0,0,0,0,0,1,1,1,0
1445,Greedy,21.0,73.0,14.0,0.0,0.0,0.9,3,1000,0,0,0,0,0,1,1,1,0
1446,Greedy,21.0,73.0,14.0,0.0,0.0,1.3,3,1000,0,0,0,0,0,1,1,1,0
1447,Greedy,21.0,73.0,14.0,0.0,0.0,0.6,3,1000,0,0,0,0,0,1,1,1,0
1448,Greedy,23.0,0.0,93.0,0.0,0.0,1.1,2,1000,0,2,0,0,0,0,0,0,0
1449,Greedy,21.0,73.0,14.0,0.0,0.0,0.9,3,1000,0,0,0,0,0,1,1,1,0
1450,Greedy,22.0,73.0,14.0,0.0,0.0,0.4,3,1000,0,0,0,0,0,1,1,1,0
1451,Greedy,23.0,0.0,93.0,0.0,0.0,1.3,2,1000,0,2,0,0,0,0,0,0,0
1452,Greedy,18.0,27.0,0.0,47.0,0.0,0.6,2,950,0,0,1,0,0,0,1,0,0
1453,Greedy,22.0,73.0,14.0,0.0,0.0,0.4,3,1000,0,0,0,0,0,1,1,1,0
1454,Greedy,22.0,27.0,14.0,0.0,47.0,0.5,3,970,1,0,0,0,0,1,1,0,0
1455,Greedy,22.0,73.0,14.0,0.0,0.0,0.5,3,1000,0,0,0,0,0,1,1,1,0
1456,Greedy,23.0,0.0,93.0,0.0,0.0,0.7,2,1000,0,2,0,0,0,0,0,0,0
1457,Greedy,22.0,27.0,14.0,0.0,47.0,0.1,3,970,1,0,0,0,0,1,1,0,0
1458,Greedy,18.0,27.0,0.0,47.0,0.0,0.6,2,950,0,0,1,0,0,0,1,0,0
1459,Greedy,18.0,27.0,0.0,47.0,0.0,0.4,2,950,0,0,1,0,0,0,1,0,0
1460,Greedy,22.0,73.0,14.0,0.0,0.0,0.4,3,1000,0,0,0,0,0,1,1,1,0
1461,Greedy,21.0,73.0,14.0,0.0,0.0,0.9,3,1000,0,0,0,0,0,1,1,1,0
1462,Greedy,23.0,0.0,93.0,0.0,0.0,1.1,2,1000,0,2,0,0,0,0,0,0,0
1463,Greedy,21.0,73.0,14.0,0.0,0.0,1.1,3,1000,0,0,0,0,0,1,1,1,0
1464,Greedy,22.0,73.0,14.0,0.0,0.0,0.6,3,1000,0,0,0,0,0,1,1,1,0
1465,Greedy,22.0,73.0,14.0,0.0,0.0,0.3,3,1000,0,0,0,0,0,1,1,1,0
1466,Greedy,22.0,73.0,14.0,0.0,0.0,0.3,3,1000,0,0,0,0,0,1,1,1,0
1467,Greedy,23.0,0.0,93.0,0.0,0.0,0.9,2,1000,0,2,0,0,0,0,0,0,0
1468,Greedy,18.0,27.0,0.0,47.0,0.0,0.6,2,950,0,0,1,0,0,0,1,0,0
1469,Greedy,22.0,73.0,14.0,0.0,0.0,0.3,3,1000,0,0,0,0,0,1,1,1,0
1470,Greedy,22.0,73.0,14.0,0.0,0.0,0.3,3,1000,0,0,0,0,0,1,1,1,0
1471,Greedy,22.0,73.0,14.0,0.0,0.0,0.2,3,1000,0,0,0,0,0,1,1,1,0
1472,Greedy,18.0,27.0,0.0,47.0,0.0,0.7,2,950,0,0,1,0,0,0,1,0,0
1473,Greedy,22.0,73.0,14.0,0.0,0.0,0.4,3,1000,0,0,0,0,0,1,1,1,0
1474,Greedy,23.0,0.0,93.0,0.0,0.0,0.4,2,1000,0,2,0,0,0,0,0,0,0
1475,Greedy,22.0,73.0,14.0,0.0,0.0,0.3,3,1000,0,0,0,0,0,1,1,1,0
1476,Greedy,22.0,27.0,14.0,0.0,47.0,0.2,3,970,1,0,0,0,0,1,1,0,0
1477,Greedy,22.0,27.0,14.0,0.0,47.0,0.2,3,970,1,0,0,0,0,1,1,0,0
1478,Greedy,18.0,27.0,0.0,47.0,0.0,0.8,2,950,0,0,1,0,0,0,1,0,0
1479,Greedy,23.0,0.0,93.0,0.0,0.0,0.8,2,1000,0,2,0,0,0,0,0,0,0
1480,Greedy,22.0,73.0,14.0,0.0,0.0,0.4,3,1000,0,0,0,0,0,1,1,1,0
1481,Greedy,18.0,27.0,0.0,47.0,0.0,0.4,2,950,0,0,1,0,0,0,1,0,0
1482,Greedy,18.0,27.0,0.0,47.0,0.0,0.5,2,950,0,0,1,0,0,0,1,0,0
1483,Greedy,21.0,73.0,14.0,0.0,0.0,0.9,3,1000,0,0,0,0,0,1,1,1,0
1484,Greedy,21.0,73.0,14.0,0.0,0.0,0.4,3,1000,0,0,0,0,0,1,1,1,0
1485,Greedy,18.0,27.0,0.0,47.0,0.0,0.0,2,950,0,0,1,0,0,0,1,0,0
1486,Greedy,21.0,73.0,14.0,0.0,0.0,0.4,3,1000,0,0,0,0,0,1,1,1,0
1487,Greedy,21.0,73.0,14.0,0.0,0.0,1.4,3,1000,0,0,0,0,0,1,1,1,0
1488,Greedy,23.0,0.0,93.0,0.0,0.0,1.1,2,1000,0,2,0,0,0,0,0,0,0
1489,Greedy,22.0,73.0,14.0,0.0,0.0,0.4,3,1000,0,0,0,0,0,1,1,1,0
1490,Greedy,23.0,0.0,93.0,0.0,0.0,1.0,2,1000,0,2,0,0,0,0,0,0,0
1491,Greedy,21.0,73.0,14.0,0.0,0.0,0.4,3,1000,0,0,0,0,0,1,1,1,0
1492,Greedy,23.0,0.0,93.0,0.0,0.0,0.9,2,1000,0,2,0,0,0,0,0,0,0
1493,Greedy,23.0,0.0,93.0,0.0,0.0,1.0,2,1000,0,2,0,0,0,0,0,0,0
1494,Greedy,23.0,0.0,93.0,0.0,0.0,1.0,2,1000,0,2,0,0,0,0,0,0,0
1495,Greedy,21.0,73.0,14.0,0.0,0.0,0.8,3,1000,0,0,0,0,0,1,1,1,0
1496,Greedy,22.0,73.0,14.0,0.0,0.0,0.4,3,1000,0,0,0,0,0,1,1,1,0
1497,Greedy,23.0,0.0,93.0,0.0,0.0,0.9,2,1000,0,2,0,0,0,0,0,0,0
1498,Greedy,23.0,0.0,93.0,0.0,0.0,0.5,2,1000,0,2,0,0,0,0,0,0,0
1499,Greedy,21.0,73.0,14.0,0.0,0.0,1.2,3,1000,0,0,0,0,0,1,1,1,0
1500,Greedy,21.0,73.0,14.0,0.0,0.0,1.2,3,1000,0,0,0,0,0,1,1,1,0
1501,Greedy,21.0,73.0,14.0,0.0,0.0,1.3,3,1000,0,0,0,0,0,1,1,1,0
1502,Greedy,22.0,73.0,14.0,0.0,0.0,0.4,3,1000,0,0,0,0,0,1,1,1,0
1503,Greedy,23.0,0.0,93.0,0.0,0.0,0.0,2,1000,0,2,0,0,0,0,0,0,0
1504,Greedy,21.0,73.0,14.0,0.0,0.0,0.7,3,1000,0,0,0,0,0,1,1,1,0
1505,Greedy,18.0,27.0,0.0,47.0,0.0,0.7,2,950,0,0,1,0,0,0,1,0,0
1506,Greedy,23.0,0.0,93.0,0.0,0.0,0.9,2,1000,0,2,0,0,0,0,0,0,0
1507,Greedy,18.0,27.0,0.0,47.0,0.0,0.3,2,950,0,0,1,0,0,0,1,0,0
1508,Greedy,21.0,73.0,14.0,0.0,0.0,0.7,3,1000,0,0,0,0,0,1,1,1,0
1509,Greedy,21.0,73.0,14.0,0.0,0.0,0.8,3,1000,0,0,0,0,0,1,1,1,0
1510,Greedy,21.0,26.0,14.0,0.0,47.0,0.8,3,970,1,0,0,0,0,1,1,0,0
1511,Greedy,24.0,45.0,27.0,0.0,27.0,0.7,3,1000,0,0,0,1,1,0,0,1,0
1512,Greedy,18.0,27.0,0.0,47.0,0.0,0.4,2,950,0,0,1,0,0,0,1,0,0
1513,Greedy,22.0,73.0,14.0,0.0,0.0,0.5,3,1000,0,0,0,0,0,1,1,1,0
1514,Greedy,21.0,73.0,14.0,0.0,0.0,0.8,3,1000,0,0,0,0,0,1,1,1,0
1515,Greedy,21.0,73.0,14.0,0.0,0.0,1.2,3,1000,0,0,0,0,0,1,1,1,0
1516,Greedy,22.0,27.0,14.0,0.0,47.0,0.5,3,970,1,0,0,0,0,1,1,0,0
1517,Greedy,22.0,73.0,14.0,0.0,0.0,0.4,3,1000,0,0,0,0,0,1,1,1,0
1518,Greedy,21.0,73.0,14.0,0.0,0.0,1.4,3,1000,0,0,0,0,0,1,1,1,0
1519,Greedy,18.0,27.0,0.0,47.0,0.0,0.7,2,950,0,0,1,0,0,0,1,0,0
1520,Greedy,21.0,72.0,14.0,0.0,0.0,0.6,3,1000,0,0,0,0,0,1,1,1,0
1521,Greedy,21.0,72.0,14.0,0.0,0.0,1.3,3,1000,0,0,0,0,0,1,1,1,0
1522,Greedy,22.0,73.0,14.0,0.0,0.0,0.3,3,1000,0,0,0,0,0,1,1,1,0
1523,Greedy,23.0,0.0,92.0,0.0,0.0,0.7,2,1000,0,2,0,0,0,0,0,0,0
1524,Greedy,22.0,73.0,14.0,0.0,0.0,0.4,3,1000,0,0,0,0,0,1,1,1,0
1525,Greedy,23.0,0.0,93.0,0.0,0.0,0.6,2,1000,0,2,0,0,0,0,0,0,0
1526,Greedy,21.0,73.0,14.0,0.0,0.0,0.9,3,1000,0,0,0,0,0,1,1,1,0
1527,Greedy,21.0,72.0,14.0,0.0,0.0,1.1,3,1000,0,0,0,0,0,1,1,1,0
1528,Greedy,22.0,27.0,0.0,0.0,60.0,0.5,3,990,1,0,0,0,0,0,1,0,1
1529,Greedy,23.0,0.0,92.0,0.0,0.0,1.1,2,1000,0,2,0,0,0,0,0,0,0
1530,Greedy,22.0,73.0,14.0,0.0,0.0,0.3,3,1000,0,0,0,0,0,1,1,1,0
1531,Greedy,23.0,0.0,93.0,0.0,0.0,1.0,2,1000,0,2,0,0,0,0,0,0,0
1532,Greedy,21.0,73.0,14.0,0.0,0.0,1.2,3,1000,0,0,0,0,0,1,1,1,0
1533,Greedy,22.0,73.0,14.0,0.0,0.0,0.5,3,1000,0,0,0,0,0,1,1,1,0
1534,Greedy,23.0,0.0,93.0,0.0,0.0,0.5,2,1000,0,2,0,0,0,0,0,0,0
1535,Greedy,23.0,0.0,93.0,0.0,0.0,0.7,2,1000,0,2,0,0,0,0,0,0,0
1536,Greedy,21.0,73.0,14.0,0.0,0.0,1.1,3,1000,0,0,0,0,0,1,1,1,0
1537,Greedy,21.0,73.0,14.0,0.0,0.0,1.0,3,1000,0,0,0,0,0,1,1,1,0
1538,Greedy,22.0,73.0,14.0,0.0,0.0,0.4,3,1000,0,0,0,0,0,1,1,1,0
1539,Greedy,22.0,73.0,14.0,0.0,0.0,0.4,3,1000,0,0,0,0,0,1,1,1,0
1540,Greedy,22.0,73.0,14.0,0.0,0.0,0.4,3,1000,0,0,0,0,0,1,1,1,0
1541,Greedy,22.0,73.0,14.0,0.0,0.0,0.4,3,1000,0,0,0,0,0,1,1,1,0
1542,Greedy,21.0,73.0,14.0,0.0,0.0,0.8,3,1000,0,0,0,0,0,1,1,1,0
1543,Greedy,22.0,73.0,14.0,0.0,0.0,0.5,3,1000,0,0,0,0,0,1,1,1,0
1544,Greedy,18.0,26.0,0.0,47.0,0.0,0.6,2,950,0,0,1,0,0,0,1,0,0
1545,Greedy,23.0,0.0,93.0,0.0,0.0,0.1,2,1000,0,2,0,0,0,0,0,0,0
1546,Greedy,22.0,73.0,14.0,0.0,0.0,0.3,3,1000,0,0,0,0,0,1,1,1,0
1547,Greedy,18.0,27.0,0.0,47.0,0.0,0.4,2,950,0,0,1,0,0,0,1,0,0
1548,Greedy,22.0,73.0,14.0,0.0,0.0,0.4,3,1000,0,0,0,0,0,1,1,1,0
1549,Greedy,23.0,0.0,92.0,0.0,0.0,1.1,2,1000,0,2,0,0,0,0,0,0,0
1550,Greedy,23.0,0.0,93.0,0.0,0.0,0.9,2,1000,0,2,0,0,0,0,0,0,0
1551,Greedy,18.0,27.0,0.0,47.0,0.0,0.4,2,950,0,0,1,0,0,0,1,0,0
1552,Greedy,22.0,27.0,14.0,0.0,47.0,0.1,3,970,1,0,0,0,0,1,1,0,0
1553,Greedy,22.0,73.0,14.0,0.0,0.0,0.2,3,1000,0,0,0,0,0,1,1,1,0
1554,Greedy,21.0,72.0,14.0,0.0,0.0,0.8,3,1000,0,0,0,0,0,1,1,1,0
1555,Greedy,21.0,73.0,14.0,0.0,0.0,1.0,3,1000,0,0,0,0,0,1,1,1,0
1556,Greedy,22.0,73.0,14.0,0.0,0.0,0.4,3,1000,0,0,0,0,0,1,1,1,0
1557,Greedy,21.0,73.0,14.0,0.0,0.0,0.6,3,1000,0,0,0,0,0,1,1,1,0
1558,Greedy,21.0,73.0,14.0,0.0,0.0,1.1,3,1000,0,0,0,0,0,1,1,1,0
1559,Greedy,23.0,0.0,93.0,0.0,0.0,1.2,2,1000,0,2,0,0,0,0,0,0,0
1560,Greedy,23.0,0.0,92.0,0.0,0.0,1.2,2,1000,0,2,0,0,0,0,0,0,0
1561,Greedy,23.0,0.0,92.0,0.0,0.0,1.0,2,1000,0,2,0,0,0,0,0,0,0
1562,Greedy,18.0,27.0,0.0,47.0,0.0,0.6,2,950,0,0,1,0,0,0,1,0,0
1563,Greedy,22.0,27.0,14.0,0.0,47.0,0.3,3,970,1,0,0,0,0,1,1,0,0
1564,Greedy,22.0,73.0,14.0,0.0,0.0,0.4,3,1000,0,0,0,0,0,1,1,1,0
1565,Greedy,22.0,73.0,14.0,0.0,0.0,0.3,3,1000,0,0,0,0,0,1,1,1,0
1566,Greedy,23.0,0.0,93.0,0.0,0.0,0.6,2,1000,0,2,0,0,0,0,0,0,0
1567,Greedy,23.0,0.0,93.0,0.0,0.0,1.0,2,1000,0,2,0,0,0,0,0,0,0
1568,Greedy,18.0,27.0,0.0,47.0,0.0,0.7,2,950,0,0,1,0,0,0,1,0,0
1569,Greedy,22.0,27.0,14.0,0.0,47.0,0.3,3,970,1,0,0,0,0,1,1,0,0
1570,Greedy,21.0,73.0,14.0,0.0,0.0,0.6,3,1000,0,0,0,0,0,1,1,1,0
1571,Greedy,18.0,27.0,0.0,47.0,0.0,0.4,2,950,0,0,1,0,0,0,1,0,0
1572,Greedy,18.0,27.0,0.0,47.0,0.0,0.5,2,950,0,0,1,0,0,0,1,0,0
1573,Greedy,21.0,73.0,14.0,0.0,0.0,0.8,3,1000,0,0,0,0,0,1,1,1,0
1574,Greedy,22.0,27.0,14.0,0.0,47.0,0.4,3,970,1,0,0,0,0,1,1,0,0
1575,Greedy,23.0,0.0,93.0,0.0,0.0,0.8,2,1000,0,2,0,0,0,0,0,0,0
1576,Greedy,21.0,73.0,14.0,0.0,0.0,1.0,3,1000,0,0,0,0,0,1,1,1,0
1577,Greedy,22.0,73.0,14.0,0.0,0.0,0.5,3,1000,0,0,0,0,0,1,1,1,0
1578,Greedy,23.0,0.0,93.0,0.0,0.0,1.0,2,1000,0,2,0,0,0,0,0,0,0
1579,Greedy,21.0,73.0,14.0,0.0,0.0,0.9,3,1000,0,0,0,0,0,1,1,1,0
1580,Greedy,23.0,0.0,92.0,0.0,0.0,1.1,2,1000,0,2,0,0,0,0,0,0,0
1581,Greedy,21.0,73.0,14.0,0.0,0.0,0.9,3,1000,0,0,0,0,0,1,1,1,0
1582,Greedy,22.0,73.0,14.0,0.0,0.0,0.4,3,1000,0,0,0,0,0,1,1,1,0
1583,Greedy,18.0,27.0,0.0,47.0,0.0,0.7,2,950,0,0,1,0,0,0,1,0,0
1584,Greedy,23.0,0.0,93.0,0.0,0.0,0.8,2,1000,0,2,0,0,0,0,0,0,0
1585,Greedy,22.0,73.0,14.0,0.0,0.0,0.4,3,1000,0,0,0,0,0,1,1,1,0
1586,Greedy,21.0,73.0,14.0,0.0,0.0,0.5,3,1000,0,0,0,0,0,1,1,1,0
1587,Greedy,23.0,0.0,93.0,0.0,0.0,0.7,2,1000,0,2,0,0,0,0,0,0,0
1588,Greedy,18.0,27.0,0.0,47.0,0.0,0.4,2,950,0,0,1,0,0,0,1,0,0
1589,Greedy,21.0,73.0,14.0,0.0,0.0,1.0,3,1000,0,0,0,0,0,1,1,1,0
1590,Greedy,23.0,0.0,93.0,0.0,0.0,1.0,2,1000,0,2,0,0,0,0,0,0,0
1591,Greedy,21.0,73.0,14.0,0.0,0.0,0.5,3,1000,0,0,0,0,0,1,1,1,0
1592,Greedy,21.0,73.0,14.0,0.0,0.0,0.8,3,1000,0,0,0,0,0,1,1,1,0
1593,Greedy,23.0,0.0,93.0,0.0,0.0,1.0,2,1000,0,2,0,0,0,0,0,0,0
1594,Greedy,21.0,73.0,14.0,0.0,0.0,1.1,3,1000,0,0,0,0,0,1,1,1,0
1595,Greedy,21.0,72.0,14.0,0.0,0.0,1.4,3,1000,0,0,0,0,0,1,1,1,0
1596,Greedy,21.0,73.0,14.0,0.0,0.0,0.8,3,1000,0,0,0,0,0,1,1,1,0
1597,Greedy,21.0,73.0,14.0,0.0,0.0,0.7,3,1000,0,0,0,0,0,1,1,1,0
1598,Greedy,18.0,27.0,0.0,47.0,0.0,0.4,2,950,0,0,1,0,0,0,1,0,0
1599,Greedy,22.0,73.0,14.0,0.0,0.0,0.3,3,1000,0,0,0,0,0,1,1,1,0
1600,Greedy,22.0,73.0,14.0,0.0,0.0,0.3,3,1000,0,0,0,0,0,1,1,1,0
1601,Greedy,23.0,0.0,92.0,0.0,0.0,1.1,2,1000,0,2,0,0,0,0,0,0,0
1602,Greedy,21.0,73.0,14.0,0.0,0.0,0.5,3,1000,0,0,0,0,0,1,1,1,0
1603,Greedy,21.0,73.0,14.0,0.0,0.0,0.9,3,1000,0,0,0,0,0,1,1,1,0
1604,Greedy,21.0,73.0,14.0,0.0,0.0,1.6,3,1000,0,0,0,0,0,1,1,1,0
1605,Greedy,21.0,72.0,14.0,0.0,0.0,0.7,3,1000,0,0,0,0,0,1,1,1,0
1606,Greedy,22.0,27.0,14.0,0.0,47.0,0.5,3,970,1,0,0,0,0,1,1,0,0
1607,Greedy,22.0,27.0,14.0,0.0,47.0,0.3,3,970,1,0,0,0,0,1,1,0,0
1608,Greedy,22.0,27.0,14.0,0.0,47.0,0.4,3,970,1,0,0,0,0,1,1,0,0
1609,Greedy,18.0,27.0,0.0,47.0,0.0,0.5,2,950,0,0,1,0,0,0,1,0,0
1610,Greedy,22.0,73.0,14.0,0.0,0.0,0.1,3,1000,0,0,0,0,0,1,1,1,0
1611,Greedy,21.0,73.0,14.0,0.0,0.0,0.8,3,1000,0,0,0,0,0,1,1,1,0
1612,Greedy,22.0,73.0,14.0,0.0,0.0,0.3,3,1000,0,0,0,0,0,1,1,1,0
1613,Greedy,18.0,27.0,0.0,47.0,0.0,0.6,2,950,0,0,1,0,0,0,1,0,0
1614,Greedy,21.0,72.0,14.0,0.0,0.0,1.2,3,1000,0,0,0,0,0,1,1,1,0
1615,Greedy,23.0,0.0,92.0,0.0,0.0,1.1,2,1000,0,2,0,0,0,0,0,0,0
1616,Greedy,18.0,26.0,0.0,47.0,0.0,0.7,2,950,0,0,1,0,0,0,1,0,0
1617,Greedy,22.0,73.0,14.0,0.0,0.0,0.2,3,1000,0,0,0,0,0,1,1,1,0
1618,Greedy,21.0,73.0,14.0,0.0,0.0,1.0,3,1000,0,0,0,0,0,1,1,1,0
1619,Greedy,23.0,0.0,92.0,0.0,0.0,1.1,2,1000,0,2,0,0,0,0,0,0,0
1620,Greedy,21.0,73.0,14.0,0.0,0.0,0.7,3,1000,0,0,0,0,0,1,1,1,0
1621,Greedy,21.0,73.0,14.0,0.0,0.0,0.9,3,1000,0,0,0,0,0,1,1,1,0
1622,Greedy,18.0,27.0,0.0,47.0,0.0,0.4,2,950,0,0,1,0,0,0,1,0,0
1623,Greedy,23.0,0.0,93.0,0.0,0.0,0.8,2,1000,0,2,0,0,0,0,0,0,0
1624,Greedy,22.0,27.0,14.0,0.0,47.0,0.5,3,970,1,0,0,0,0,1,1,0,0
1625,Greedy,22.0,27.0,14.0,0.0,47.0,0.4,3,970,1,0,0,0,0,1,1,0,0
1626,Greedy,21.0,73.0,14.0,0.0,0.0,0.8,3,1000,0,0,0,0,0,1,1,1,0
1627,Greedy,23.0,0.0,93.0,0.0,0.0,0.9,2,1000,0,2,0,0,0,0,0,0,0
1628,Greedy,18.0,27.0,0.0,47.0,0.0,0.3,2,950,0,0,1,0,0,0,1,0,0
1629,Greedy,23.0,0.0,93.0,0.0,0.0,1.1,2,1000,0,2,0,0,0,0,0,0,0
1630,Greedy,21.0,73.0,14.0,0.0,0.0,0.9,3,1000,0,0,0,0,0,1,1,1,0
1631,Greedy,21.0,73.0,14.0,0.0,0.0,0.9,3,1000,0,0,0,0,0,1,1,1,0
1632,Greedy,23.0,0.0,92.0,0.0,0.0,1.1,2,1000,0,2,0,0,0,0,0,0,0
1633,Greedy,23.0,0.0,93.0,0.0,0.0,0.8,2,1000,0,2,0,0,0,0,0,0,0
1634,Greedy,23.0,0.0,93.0,0.0,0.0,0.8,2,1000,0,2,0,0,0,0,0,0,0
1635,Greedy,22.0,73.0,14.0,0.0,0.0,0.5,3,1000,0,0,0,0,0,1,1,1,0
1636,Greedy,22.0,73.0,14.0,0.0,0.0,0.2,3,1000,0,0,0,0,0,1,1,1,0
1637,Greedy,23.0,0.0,93.0,0.0,0.0,0.5,2,1000,0,2,0,0,0,0,0,0,0
1638,Greedy,22.0,73.0,14.0,0.0,0.0,0.3,3,1000,0,0,0,0,0,1,1,1,0
1639,Greedy,23.0,0.0,93.0,0.0,0.0,1.0,2,1000,0,2,0,0,0,0,0,0,0
1640,Greedy,22.0,27.0,14.0,0.0,47.0,0.3,3,970,1,0,0,0,0,1,1,0,0
1641,Greedy,22.0,73.0,14.0,0.0,0.0,0.5,3,1000,0,0,0,0,0,1,1,1,0
1642,Greedy,21.0,73.0,14.0,0.0,0.0,1.1,3,1000,0,0,0,0,0,1,1,1,0
1643,Greedy,22.0,27.0,14.0,0.0,47.0,0.3,3,970,1,0,0,0,0,1,1,0,0
1644,Greedy,21.0,73.0,14.0,0.0,0.0,0.6,3,1000,0,0,0,0,0,1,1,1,0
1645,Greedy,23.0,0.0,93.0,0.0,0.0,0.8,2,1000,0,2,0,0,0,0,0,0,0
1646,Greedy,21.0,73.0,14.0,0.0,0.0,1.1,3,1000,0,0,0,0,0,1,1,1,0
1647,Greedy,18.0,26.0,0.0,47.0,0.0,0.9,2,950,0,0,1,0,0,0,1,0,0
1648,Greedy,22.0,73.0,14.0,0.0,0.0,0.3,3,1000,0,0,0,0,0,1,1,1,0
1649,Greedy,23.0,0.0,92.0,0.0,0.0,1.1,2,1000,0,2,0,0,0,0,0,0,0
1650,Greedy,22.0,27.0,14.0,0.0,47.0,0.4,3,970,1,0,0,0,0,1,1,0,0
1651,Greedy,22.0,73.0,14.0,0.0,0.0,0.3,3,1000,0,0,0,0,0,1,1,1,0
1652,Greedy,21.0,73.0,14.0,0.0,0.0,0.8,3,1000,0,0,0,0,0,1,1,1,0
1653,Greedy,21.0,73.0,14.0,0.0,0.0,0.9,3,1000,0,0,0,0,0,1,1,1,0
1654,Greedy,22.0,73.0,14.0,0.0,0.0,0.2,3,1000,0,0,0,0,0,1,1,1,0
1655,Greedy,21.0,73.0,14.0,0.0,0.0,1.1,3,1000,0,0,0,0,0,1,1,1,0
1656,Greedy,18.0,27.0,0.0,47.0,0.0,0.5,2,950,0,0,1,0,0,0,1,0,0
1657,Greedy,22.0,73.0,14.0,0.0,0.0,0.4,3,1000,0,0,0,0,0,1,1,1,0
1658,Greedy,22.0,73.0,14.0,0.0,0.0,0.4,3,1000,0,0,0,0,0,1,1,1,0
1659,Greedy,18.0,27.0,0.0,47.0,0.0,0.5,2,950,0,0,1,0,0,0,1,0,0
1660,Greedy,22.0,73.0,14.0,0.0,0.0,0.3,3,1000,0,0,0,0,0,1,1,1,0
1661,Greedy,22.0,27.0,0.0,0.0,60.0,0.4,3,990,1,0,0,0,0,0,1,0,1
1662,Greedy,22.0,73.0,14.0,0.0,0.0,0.4,3,1000,0,0,0,0,0,1,1,1,0
1663,Greedy,21.0,72.0,14.0,0.0,0.0,0.7,3,1000,0,0,0,0,0,1,1,1,0
1664,Greedy,18.0,26.0,0.0,47.0,0.0,0.7,2,950,0,0,1,0,0,0,1,0,0
1665,Greedy,22.0,73.0,14.0,0.0,0.0,0.4,3,1000,0,0,0,0,0,1,1,1,0
1666,Greedy,23.0,0.0,93.0,0.0,0.0,1.1,2,1000,0,2,0,0,0,0,0,0,0
1667,Greedy,22.0,73.0,14.0,0.0,0.0,0.4,3,1000,0,0,0,0,0,1,1,1,0
1668,Greedy,21.0,73.0,14.0,0.0,0.0,1.5,3,1000,0,0,0,0,0,1,1,1,0
1669,Greedy,18.0,27.0,0.0,47.0,0.0,0.4,2,950,0,0,1,0,0,0,1,0,0
1670,Greedy,22.0,73.0,14.0,0.0,0.0,0.2,3,1000,0,0,0,0,0,1,1,1,0
1671,Greedy,23.0,0.0,93.0,0.0,0.0,1.0,2,1000,0,2,0,0,0,0,0,0,0
1672,Greedy,21.0,73.0,14.0,0.0,0.0,1.2,3,1000,0,0,0,0,0,1,1,1,0
1673,Greedy,22.0,73.0,14.0,0.0,0.0,0.3,3,1000,0,0,0,0,0,1,1,1,0
1674,Greedy,18.0,27.0,0.0,47.0,0.0,0.6,2,950,0,0,1,0,0,0,1,0,0
1675,Greedy,22.0,73.0,14.0,0.0,0.0,0.4,3,1000,0,0,0,0,0,1,1,1,0
1676,Greedy,23.0,0.0,93.0,0.0,0.0,1.1,2,1000,0,2,0,0,0,0,0,0,0
1677,Greedy,22.0,73.0,14.0,0.0,0.0,0.1,3,1000,0,0,0,0,0,1,1,1,0
1678,Greedy,22.0,27.0,14.0,0.0,47.0,0.4,3,970,1,0,0,0,0,1,1,0,0
1679,Greedy,21.0,26.0,14.0,0.0,47.0,0.9,3,970,1,0,0,0,0,1,1,0,0
1680,Greedy,21.0,73.0,14.0,0.0,0.0,0.7,3,1000,0,0,0,0,0,1,1,1,0
1681,Greedy,22.0,27.0,0.0,0.0,60.0,0.4,3,990,1,0,0,0,0,0,1,0,1
1682,Greedy,18.0,27.0,0.0,47.0,0.0,0.4,2,950,0,0,1,0,0,0,1,0,0
1683,Greedy,22.0,73.0,14.0,0.0,0.0,0.3,3,1000,0,0,0,0,0,1,1,1,0
1684,Greedy,22.0,27.0,14.0,0.0,47.0,0.4,3,970,1,0,0,0,0,1,1,0,0
1685,Greedy,21.0,73.0,14.0,0.0,0.0,1.0,3,1000,0,0,0,0,0,1,1,1,0
1686,Greedy,22.0,73.0,14.0,0.0,0.0,0.4,3,1000,0,0,0,0,0,1,1,1,0
1687,Greedy,18.0,27.0,0.0,47.0,0.0,0.3,2,950,0,0,1,0,0,0,1,0,0
1688,Greedy,18.0,27.0,0.0,47.0,0.0,0.8,2,950,0,0,1,0,0,0,1,0,0
1689,Greedy,23.0,0.0,92.0,0.0,0.0,1.1,2,1000,0,2,0,0,0,0,0,0,0
1690,Greedy,21.0,73.0,14.0,0.0,0.0,1.3,3,1000,0,0,0,0,0,1,1,1,0
1691,Greedy,21.0,73.0,14.0,0.0,0.0,0.7,3,1000,0,0,0,0,0,1,1,1,0
1692,Greedy,18.0,27.0,0.0,47.0,0.0,0.6,2,950,0,0,1,0,0,0,1,0,0
1693,Greedy,23.0,0.0,93.0,0.0,0.0,1.0,2,1000,0,2,0,0,0,0,0,0,0
1694,Greedy,18.0,27.0,0.0,47.0,0.0,0.6,2,950,0,0,1,0,0,0,1,0,0
1695,Greedy,23.0,0.0,93.0,0.0,0.0,0.7,2,1000,0,2,0,0,0,0,0,0,0
1696,Greedy,23.0,0.0,93.0,0.0,0.0,0.2,2,1000,0,2,0,0,0,0,0,0,0
1697,Greedy,22.0,73.0,14.0,0.0,0.0,0.4,3,1000,0,0,0,0,0,1,1,1,0
1698,Greedy,21.0,73.0,14.0,0.0,0.0,0.8,3,1000,0,0,0,0,0,1,1,1,0
1699,Greedy,21.0,73.0,14.0,0.0,0.0,1.0,3,1000,0,0,0,0,0,1,1,1,0
1700,Greedy,21.0,73.0,14.0,0.0,0.0,0.8,3,1000,0,0,0,0,0,1,1,1,0
1701,Greedy,23.0,0.0,93.0,0.0,0.0,1.0,2,1000,0,2,0,0,0,0,0,0,0
1702,Greedy,18.0,27.0,0.0,47.0,0.0,0.5,2,950,0,0,1,0,0,0,1,0,0
1703,Greedy,22.0,27.0,0.0,0.0,60.0,0.4,3,990,1,0,0,0,0,0,1,0,1
1704,Greedy,22.0,73.0,14.0,0.0,0.0,0.5,3,1000,0,0,0,0,0,1,1,1,0
1705,Greedy,22.0,73.0,14.0,0.0,0.0,0.4,3,1000,0,0,0,0,0,1,1,1,0
1706,Greedy,21.0,73.0,14.0,0.0,0.0,1.3,3,1000,0,0,0,0,0,1,1,1,0
1707,Greedy,22.0,73.0,14.0,0.0,0.0,0.4,3,1000,0,0,0,0,0,1,1,1,0
1708,Greedy,18.0,26.0,0.0,47.0,0.0,0.6,2,950,0,0,1,0,0,0,1,0,0
1709,Greedy,21.0,73.0,14.0,0.0,0.0,0.7,3,1000,0,0,0,0,0,1,1,1,0
1710,Greedy,18.0,27.0,0.0,47.0,0.0,0.5,2,950,0,0,1,0,0,0,1,0,0
1711,Greedy,21.0,73.0,14.0,0.0,0.0,0.7,3,1000,0,0,0,0,0,1,1,1,0
1712,Greedy,21.0,73.0,14.0,0.0,0.0,0.9,3,1000,0,0,0,0,0,1,1,1,0
1713,Greedy,21.0,73.0,14.0,0.0,0.0,0.9,3,1000,0,0,0,0,0,1,1,1,0
1714,Greedy,22.0,73.0,14.0,0.0,0.0,0.4,3,1000,0,0,0,0,0,1,1,1,0
1715,Greedy,22.0,73.0,14.0,0.0,0.0,0.5,3,1000,0,0,0,0,0,1,1,1,0
1716,Greedy,21.0,72.0,14.0,0.0,0.0,1.0,3,1000,0,0,0,0,0,1,1,1,0
1717,Greedy,22.0,27.0,14.0,0.0,47.0,0.4,3,970,1,0,0,0,0,1,1,0,0
1718,Greedy,18.0,26.0,0.0,47.0,0.0,0.5,2,950,0,0,1,0,0,0,1,0,0
1719,Greedy,21.0,73.0,14.0,0.0,0.0,0.4,3,1000,0,0,0,0,0,1,1,1,0
1720,Greedy,22.0,26.0,14.0,0.0,47.0,0.4,3,970,1,0,0,0,0,1,1,0,0
1721,Greedy,22.0,73.0,14.0,0.0,0.0,0.5,3,1000,0,0,0,0,0,1,1,1,0
1722,Greedy,22.0,73.0,14.0,0.0,0.0,0.4,3,1000,0,0,0,0,0,1,1,1,0
1723,Greedy,22.0,27.0,14.0,0.0,47.0,0.5,3,970,1,0,0,0,0,1,1,0,0
1724,Greedy,23.0,0.0,93.0,0.0,0.0,1.1,2,1000,0,2,0,0,0,0,0,0,0
1725,Greedy,21.0,73.0,14.0,0.0,0.0,0.4,3,1000,0,0,0,0,0,1,1,1,0
1726,Greedy,18.0,27.0,0.0,47.0,0.0,0.4,2,950,0,0,1,0,0,0,1,0,0
1727,Greedy,18.0,27.0,0.0,47.0,0.0,0.3,2,950,0,0,1,0,0,0,1,0,0
1728,Greedy,22.0,73.0,14.0,0.0,0.0,0.4,3,1000,0,0,0,0,0,1,1,1,0
1729,Greedy,21.0,73.0,14.0,0.0,0.0,0.6,3,1000,0,0,0,0,0,1,1,1,0
1730,Greedy,18.0,27.0,0.0,47.0,0.0,0.4,2,950,0,0,1,0,0,0,1,0,0
1731,Greedy,23.0,0.0,93.0,0.0,0.0,1.0,2,1000,0,2,0,0,0,0,0,0,0
1732,Greedy,21.0,73.0,14.0,0.0,0.0,1.4,3,1000,0,0,0,0,0,1,1,1,0
1733,Greedy,21.0,73.0,14.0,0.0,0.0,0.5,3,1000,0,0,0,0,0,1,1,1,0
1734,Greedy,22.0,73.0,14.0,0.0,0.0,0.2,3,1000,0,0,0,0,0,1,1,1,0
1735,Greedy,21.0,27.0,14.0,0.0,47.0,1.1,3,970,1,0,0,0,0,1,1,0,0
1736,Greedy,22.0,73.0,14.0,0.0,0.0,0.4,3,1000,0,0,0,0,0,1,1,1,0
1737,Greedy,21.0,72.0,14.0,0.0,0.0,0.7,3,1000,0,0,0,0,0,1,1,1,0
1738,Greedy,23.0,0.0,93.0,0.0,0.0,1.1,2,1000,0,2,0,0,0,0,0,0,0
1739,Greedy,22.0,73.0,14.0,0.0,0.0,0.4,3,1000,0,0,0,0,0,1,1,1,0
1740,Greedy,18.0,27.0,0.0,47.0,0.0,0.8,2,950,0,0,1,0,0,0,1,0,0
1741,Greedy,18.0,27.0,0.0,47.0,0.0,0.7,2,950,0,0,1,0,0,0,1,0,0
1742,Greedy,23.0,0.0,93.0,0.0,0.0,1.0,2,1000,0,2,0,0,0,0,0,0,0
1743,Greedy,23.0,0.0,92.0,0.0,0.0,1.0,2,1000,0,2,0,0,0,0,0,0,0
1744,Greedy,21.0,73.0,14.0,0.0,0.0,0.9,3,1000,0,0,0,0,0,1,1,1,0
1745,Greedy,23.0,0.0,92.0,0.0,0.0,1.0,2,1000,0,2,0,0,0,0,0,0,0
1746,Greedy,22.0,73.0,14.0,0.0,0.0,0.1,3,1000,0,0,0,0,0,1,1,1,0
1747,Greedy,22.0,73.0,14.0,0.0,0.0,0.2,3,1000,0,0,0,0,0,1,1,1,0
1748,Greedy,22.0,27.0,14.0,0.0,47.0,0.5,3,970,1,0,0,0,0,1,1,0,0
1749,Greedy,22.0,73.0,14.0,0.0,0.0,0.4,3,1000,0,0,0,0,0,1,1,1,0
1750,Greedy,23.0,0.0,93.0,0.0,0.0,0.7,2,1000,0,2,0,0,0,0,0,0,0
1751,Greedy,18.0,27.0,0.0,47.0,0.0,0.6,2,950,0,0,1,0,0,0,1,0,0
1752,Greedy,23.0,0.0,93.0,0.0,0.0,0.9,2,1000,0,2,0,0,0,0,0,0,0
1753,Greedy,22.0,73.0,14.0,0.0,0.0,0.4,3,1000,0,0,0,0,0,1,1,1,0
1754,Greedy,21.0,73.0,14.0,0.0,0.0,1.1,3,1000,0,0,0,0,0,1,1,1,0
1755,Greedy,21.0,73.0,14.0,0.0,0.0,1.3,3,1000,0,0,0,0,0,1,1,1,0
1756,Greedy,22.0,73.0,14.0,0.0,0.0,0.4,3,1000,0,0,0,0,0,1,1,1,0
1757,Greedy,22.0,73.0,14.0,0.0,0.0,0.1,3,1000,0,0,0,0,0,1,1,1,0
1758,Greedy,22.0,73.0,14.0,0.0,0.0,0.2,3,1000,0,0,0,0,0,1,1,1,0
1759,Greedy,21.0,73.0,14.0,0.0,0.0,1.0,3,1000,0,0,0,0,0,1,1,1,0
1760,Greedy,22.0,73.0,14.0,0.0,0.0,0.2,3,1000,0,0,0,0,0,1,1,1,0
1761,Greedy,22.0,27.0,14.0,0.0,47.0,0.4,3,970,1,0,0,0,0,1,1,0,0
1762,Greedy,21.0,73.0,14.0,0.0,0.0,1.1,3,1000,0,0,0,0,0,1,1,1,0
1763,Greedy,21.0,73.0,14.0,0.0,0.0,0.7,3,1000,0,0,0,0,0,1,1,1,0
1764,Greedy,23.0,0.0,93.0,0.0,0.0,0.8,2,1000,0,2,0,0,0,0,0,0,0
1765,Greedy,21.0,73.0,14.0,0.0,0.0,0.9,3,1000,0,0,0,0,0,1,1,1,0
1766,Greedy,23.0,0.0,93.0,0.0,0.0,0.8,2,1000,0,2,0,0,0,0,0,0,0
1767,Greedy,21.0,73.0,14.0,0.0,0.0,0.9,3,1000,0,0,0,0,0,1,1,1,0
1768,Greedy,22.0,73.0,14.0,0.0,0.0,0.3,3,1000,0,0,0,0,0,1,1,1,0
1769,Greedy,21.0,73.0,14.0,0.0,0.0,0.9,3,1000,0,0,0,0,0,1,1,1,0
1770,Greedy,18.0,27.0,0.0,47.0,0.0,0.4,2,950,0,0,1,0,0,0,1,0,0
1771,Greedy,18.0,26.0,0.0,47.0,0.0,0.7,2,950,0,0,1,0,0,0,1,0,0
1772,Greedy,23.0,0.0,93.0,0.0,0.0,0.7,2,1000,0,2,0,0,0,0,0,0,0
1773,Greedy,21.0,73.0,14.0,0.0,0.0,0.7,3,1000,0,0,0,0,0,1,1,1,0
1774,Greedy,22.0,73.0,14.0,0.0,0.0,0.3,3,1000,0,0,0,0,0,1,1,1,0
1775,Greedy,22.0,73.0,14.0,0.0,0.0,0.4,3,1000,0,0,0,0,0,1,1,1,0
1776,Greedy,22.0,27.0,14.0,0.0,47.0,0.5,3,970,1,0,0,0,0,1,1,0,0
1777,Greedy,18.0,27.0,0.0,47.0,0.0,0.1,2,950,0,0,1,0,0,0,1,0,0
1778,Greedy,21.0,72.0,14.0,0.0,0.0,0.6,3,1000,0,0,0,0,0,1,1,1,0
1779,Greedy,21.0,73.0,14.0,0.0,0.0,0.8,3,1000,0,0,0,0,0,1,1,1,0
1780,Greedy,23.0,0.0,92.0,0.0,0.0,1.1,2,1000,0,2,0,0,0,0,0,0,0
1781,Greedy,22.0,73.0,14.0,0.0,0.0,0.4,3,1000,0,0,0,0,0,1,1,1,0
1782,Greedy,22.0,73.0,14.0,0.0,0.0,0.6,3,1000,0,0,0,0,0,1,1,1,0
1783,Greedy,22.0,73.0,14.0,0.0,0.0,0.2,3,1000,0,0,0,0,0,1,1,1,0
1784,Greedy,21.0,26.0,14.0,0.0,47.0,0.7,3,970,1,0,0,0,0,1,1,0,0
1785,Greedy,21.0,26.0,14.0,0.0,47.0,0.9,3,970,1,0,0,0,0,1,1,0,0
1786,Greedy,18.0,26.0,0.0,47.0,0.0,0.8,2,950,0,0,1,0,0,0,1,0,0
1787,Greedy,23.0,0.0,93.0,0.0,0.0,1.1,2,1000,0,2,0,0,0,0,0,0,0
1788,Greedy,23.0,0.0,93.0,0.0,0.0,0.7,2,1000,0,2,0,0,0,0,0,0,0
1789,Greedy,22.0,73.0,14.0,0.0,0.0,0.3,3,1000,0,0,0,0,0,1,1,1,0
1790,Greedy,22.0,73.0,14.0,0.0,0.0,0.5,3,1000,0,0,0,0,0,1,1,1,0
1791,Greedy,22.0,73.0,14.0,0.0,0.0,0.4,3,1000,0,0,0,0,0,1,1,1,0
1792,Greedy,18.0,27.0,0.0,47.0,0.0,0.5,2,950,0,0,1,0,0,0,1,0,0
1793,Greedy,21.0,73.0,14.0,0.0,0.0,0.6,3,1000,0,0,0,0,0,1,1,1,0
1794,Greedy,22.0,27.0,14.0,0.0,47.0,0.5,3,970,1,0,0,0,0,1,1,0,0
1795,Greedy,18.0,27.0,0.0,47.0,0.0,0.4,2,950,0,0,1,0,0,0,1,0,0
1796,Greedy,18.0,27.0,0.0,47.0,0.0,0.4,2,950,0,0,1,0,0,0,1,0,0
1797,Greedy,22.0,27.0,14.0,0.0,47.0,0.4,3,970,1,0,0,0,0,1,1,0,0
1798,Greedy,21.0,73.0,14.0,0.0,0.0,0.9,3,1000,0,0,0,0,0,1,1,1,0
1799,Greedy,22.0,73.0,14.0,0.0,0.0,0.3,3,1000,0,0,0,0,0,1,1,1,0
1800,Greedy,23.0,0.0,92.0,0.0,0.0,0.8,2,1000,0,2,0,0,0,0,0,0,0
1801,Greedy,21.0,73.0,14.0,0.0,0.0,0.7,3,1000,0,0,0,0,0,1,1,1,0
1802,Greedy,22.0,27.0,14.0,0.0,47.0,0.5,3,970,1,0,0,0,0,1,1,0,0
1803,Greedy,22.0,27.0,14.0,0.0,47.0,0.4,3,970,1,0,0,0,0,1,1,0,0
1804,Greedy,22.0,26.0,14.0,0.0,47.0,0.4,3,970,1,0,0,0,0,1,1,0,0
1805,Greedy,18.0,27.0,0.0,47.0,0.0,0.4,2,950,0,0,1,0,0,0,1,0,0
1806,Greedy,23.0,0.0,93.0,0.0,0.0,0.9,2,1000,0,2,0,0,0,0,0,0,0
1807,Greedy,22.0,27.0,14.0,0.0,47.0,0.4,3,970,1,0,0,0,0,1,1,0,0
1808,Greedy,23.0,0.0,93.0,0.0,0.0,0.2,2,1000,0,2,0,0,0,0,0,0,0
1809,Greedy,22.0,27.0,14.0,0.0,47.0,0.1,3,970,1,0,0,0,0,1,1,0,0
1810,Greedy,21.0,73.0,14.0,0.0,0.0,0.9,3,1000,0,0,0,0,0,1,1,1,0
1811,Greedy,22.0,26.0,14.0,0.0,47.0,0.3,3,970,1,0,0,0,0,1,1,0,0
1812,Greedy,23.0,0.0,93.0,0.0,0.0,0.8,2,1000,0,2,0,0,0,0,0,0,0
1813,Greedy,22.0,73.0,14.0,0.0,0.0,0.5,3,1000,0,0,0,0,0,1,1,1,0
1814,Greedy,21.0,73.0,14.0,0.0,0.0,0.8,3,1000,0,0,0,0,0,1,1,1,0
1815,Greedy,22.0,27.0,14.0,0.0,47.0,0.3,3,970,1,0,0,0,0,1,1,0,0
1816,Greedy,23.0,0.0,92.0,0.0,0.0,1.1,2,1000,0,2,0,0,0,0,0,0,0
1817,Greedy,21.0,73.0,14.0,0.0,0.0,0.9,3,1000,0,0,0,0,0,1,1,1,0
1818,Greedy,22.0,27.0,14.0,0.0,47.0,0.2,3,970,1,0,0,0,0,1,1,0,0
1819,Greedy,22.0,27.0,14.0,0.0,47.0,0.3,3,970,1,0,0,0,0,1,1,0,0
1820,Greedy,23.0,0.0,92.0,0.0,0.0,1.0,2,1000,0,2,0,0,0,0,0,0,0
1821,Greedy,21.0,73.0,14.0,0.0,0.0,0.8,3,1000,0,0,0,0,0,1,1,1,0
1822,Greedy,22.0,73.0,14.0,0.0,0.0,0.2,3,1000,0,0,0,0,0,1,1,1,0
1823,Greedy,18.0,27.0,0.0,47.0,0.0,0.5,2,950,0,0,1,0,0,0,1,0,0
1824,Greedy,22.0,73.0,14.0,0.0,0.0,0.4,3,1000,0,0,0,0,0,1,1,1,0
1825,Greedy,18.0,27.0,0.0,47.0,0.0,0.3,2,950,0,0,1,0,0,0,1,0,0
1826,Greedy,23.0,0.0,93.0,0.0,0.0,0.5,2,1000,0,2,0,0,0,0,0,0,0
1827,Greedy,22.0,27.0,14.0,0.0,47.0,0.3,3,970,1,0,0,0,0,1,1,0,0
1828,Greedy,21.0,73.0,14.0,0.0,0.0,0.8,3,1000,0,0,0,0,0,1,1,1,0
1829,Greedy,18.0,27.0,0.0,47.0,0.0,0.6,2,950,0,0,1,0,0,0,1,0,0
1830,Greedy,21.0,72.0,14.0,0.0,0.0,1.0,3,1000,0,0,0,0,0,1,1,1,0
1831,Greedy,22.0,27.0,14.0,0.0,47.0,0.4,3,970,1,0,0,0,0,1,1,0,0
1832,Greedy,21.0,73.0,14.0,0.0,0.0,0.6,3,1000,0,0,0,0,0,1,1,1,0
1833,Greedy,21.0,73.0,14.0,0.0,0.0,1.2,3,1000,0,0,0,0,0,1,1,1,0
1834,Greedy,22.0,73.0,14.0,0.0,0.0,0.5,3,1000,0,0,0,0,0,1,1,1,0
1835,Greedy,22.0,73.0,14.0,0.0,0.0,0.3,3,1000,0,0,0,0,0,1,1,1,0
1836,Greedy,18.0,27.0,0.0,47.0,0.0,0.7,2,950,0,0,1,0,0,0,1,0,0
1837,Greedy,21.0,73.0,14.0,0.0,0.0,0.9,3,1000,0,0,0,0,0,1,1,1,0
1838,Greedy,23.0,0.0,93.0,0.0,0.0,0.4,2,1000,0,2,0,0,0,0,0,0,0
1839,Greedy,22.0,73.0,14.0,0.0,0.0,0.2,3,1000,0,0,0,0,0,1,1,1,0
1840,Greedy,21.0,73.0,14.0,0.0,0.0,0.8,3,1000,0,0,0,0,0,1,1,1,0
1841,Greedy,18.0,27.0,0.0,47.0,0.0,0.5,2,950,0,0,1,0,0,0,1,0,0
1842,Greedy,22.0,73.0,14.0,0.0,0.0,0.2,3,1000,0,0,0,0,0,1,1,1,0
1843,Greedy,22.0,73.0,14.0,0.0,0.0,0.2,3,1000,0,0,0,0,0,1,1,1,0
1844,Greedy,23.0,0.0,93.0,0.0,0.0,1.0,2,1000,0,2,0,0,0,0,0,0,0
1845,Greedy,18.0,27.0,0.0,47.0,0.0,0.4,2,950,0,0,1,0,0,0,1,0,0
1846,Greedy,18.0,27.0,0.0,47.0,0.0,0.5,2,950,0,0,1,0,0,0,1,0,0
1847,Greedy,22.0,27.0,14.0,0.0,47.0,0.3,3,970,1,0,0,0,0,1,1,0,0
1848,Greedy,22.0,73.0,14.0,0.0,0.0,0.4,3,1000,0,0,0,0,0,1,1,1,0
1849,Greedy,23.0,0.0,93.0,0.0,0.0,1.2,2,1000,0,2,0,0,0,0,0,0,0
1850,Greedy,21.0,73.0,14.0,0.0,0.0,0.6,3,1000,0,0,0,0,0,1,1,1,0
1851,Greedy,21.0,73.0,14.0,0.0,0.0,0.6,3,1000,0,0,0,0,0,1,1,1,0
1852,Greedy,22.0,73.0,14.0,0.0,0.0,0.1,3,1000,0,0,0,0,0,1,1,1,0
1853,Greedy,21.0,73.0,14.0,0.0,0.0,1.0,3,1000,0,0,0,0,0,1,1,1,0
1854,Greedy,23.0,0.0,92.0,0.0,0.0,1.0,2,1000,0,2,0,0,0,0,0,0,0
1855,Greedy,22.0,73.0,14.0,0.0,0.0,0.3,3,1000,0,0,0,0,0,1,1,1,0
1856,Greedy,18.0,27.0,0.0,47.0,0.0,0.5,2,950,0,0,1,0,0,0,1,0,0
1857,Greedy,22.0,27.0,14.0,0.0,47.0,0.2,3,970,1,0,0,0,0,1,1,0,0
1858,Greedy,22.0,73.0,14.0,0.0,0.0,0.5,3,1000,0,0,0,0,0,1,1,1,0
1859,Greedy,22.0,73.0,14.0,0.0,0.0,0.1,3,1000,0,0,0,0,0,1,1,1,0
1860,Greedy,21.0,72.0,14.0,0.0,0.0,0.9,3,1000,0,0,0,0,0,1,1,1,0
1861,Greedy,23.0,0.0,93.0,0.0,0.0,1.0,2,1000,0,2,0,0,0,0,0,0,0
1862,Greedy,22.0,73.0,14.0,0.0,0.0,0.4,3,1000,0,0,0,0,0,1,1,1,0
1863,Greedy,18.0,27.0,0.0,47.0,0.0,0.5,2,950,0,0,1,0,0,0,1,0,0
1864,Greedy,21.0,73.0,14.0,0.0,0.0,0.7,3,1000,0,0,0,0,0,1,1,1,0
1865,Greedy,23.0,0.0,93.0,0.0,0.0,0.7,2,1000,0,2,0,0,0,0,0,0,0
1866,Greedy,21.0,73.0,14.0,0.0,0.0,0.6,3,1000,0,0,0,0,0,1,1,1,0
1867,Greedy,22.0,73.0,14.0,0.0,0.0,0.4,3,1000,0,0,0,0,0,1,1,1,0
1868,Greedy,22.0,73.0,14.0,0.0,0.0,0.4,3,1000,0,0,0,0,0,1,1,1,0
1869,Greedy,22.0,73.0,14.0,0.0,0.0,0.2,3,1000,0,0,0,0,0,1,1,1,0
1870,Greedy,18.0,27.0,0.0,47.0,0.0,0.6,2,950,0,0,1,0,0,0,1,0,0
1871,Greedy,21.0,27.0,14.0,0.0,47.0,0.7,3,970,1,0,0,0,0,1,1,0,0
1872,Greedy,23.0,0.0,93.0,0.0,0.0,1.1,2,1000,0,2,0,0,0,0,0,0,0
1873,Greedy,23.0,0.0,93.0,0.0,0.0,1.0,2,1000,0,2,0,0,0,0,0,0,0
1874,Greedy,22.0,73.0,14.0,0.0,0.0,0.4,3,1000,0,0,0,0,0,1,1,1,0
1875,Greedy,21.0,73.0,14.0,0.0,0.0,0.5,3,1000,0,0,0,0,0,1,1,1,0
1876,Greedy,21.0,73.0,14.0,0.0,0.0,0.9,3,1000,0,0,0,0,0,1,1,1,0
1877,Greedy,21.0,73.0,14.0,0.0,0.0,1.2,3,1000,0,0,0,0,0,1,1,1,0
1878,Greedy,23.0,0.0,93.0,0.0,0.0,1.1,2,1000,0,2,0,0,0,0,0,0,0
1879,Greedy,22.0,73.0,14.0,0.0,0.0,0.2,3,1000,0,0,0,0,0,1,1,1,0
1880,Greedy,18.0,27.0,0.0,47.0,0.0,0.4,2,950,0,0,1,0,0,0,1,0,0
1881,Greedy,22.0,27.0,14.0,0.0,47.0,0.5,3,970,1,0,0,0,0,1,1,0,0
1882,Greedy,22.0,27.0,14.0,0.0,47.0,0.4,3,970,1,0,0,0,0,1,1,0,0
1883,Greedy,21.0,73.0,14.0,0.0,0.0,0.8,3,1000,0,0,0,0,0,1,1,1,0
1884,Greedy,23.0,0.0,93.0,0.0,0.0,0.8,2,1000,0,2,0,0,0,0,0,0,0
1885,Greedy,22.0,73.0,14.0,0.0,0.0,0.4,3,1000,0,0,0,0,0,1,1,1,0
1886,Greedy,23.0,0.0,93.0,0.0,0.0,0.9,2,1000,0,2,0,0,0,0,0,0,0
1887,Greedy,21.0,73.0,14.0,0.0,0.0,1.0,3,1000,0,0,0,0,0,1,1,1,0
1888,Greedy,22.0,27.0,14.0,0.0,47.0,0.3,3,970,1,0,0,0,0,1,1,0,0
1889,Greedy,18.0,27.0,0.0,47.0,0.0,0.6,2,950,0,0,1,0,0,0,1,0,0
1890,Greedy,23.0,0.0,93.0,0.0,0.0,0.9,2,1000,0,2,0,0,0,0,0,0,0
1891,Greedy,22.0,73.0,14.0,0.0,0.0,0.4,3,1000,0,0,0,0,0,1,1,1,0
1892,Greedy,21.0,27.0,14.0,0.0,47.0,0.7,3,970,1,0,0,0,0,1,1,0,0
1893,Greedy,21.0,73.0,14.0,0.0,0.0,0.5,3,1000,0,0,0,0,0,1,1,1,0
1894,Greedy,22.0,73.0,14.0,0.0,0.0,0.4,3,1000,0,0,0,0,0,1,1,1,0
1895,Greedy,21.0,73.0,14.0,0.0,0.0,0.6,3,1000,0,0,0,0,0,1,1,1,0
1896,Greedy,22.0,73.0,14.0,0.0,0.0,0.3,3,1000,0,0,0,0,0,1,1,1,0
1897,Greedy,21.0,73.0,14.0,0.0,0.0,1.1,3,1000,0,0,0,0,0,1,1,1,0
1898,Greedy,18.0,27.0,0.0,47.0,0.0,0.4,2,950,0,0,1,0,0,0,1,0,0
1899,Greedy,18.0,27.0,0.0,47.0,0.0,0.5,2,950,0,0,1,0,0,0,1,0,0
1900,Greedy,21.0,73.0,14.0,0.0,0.0,0.9,3,1000,0,0,0,0,0,1,1,1,0
1901,Greedy,22.0,73.0,14.0,0.0,0.0,0.2,3,1000,0,0,0,0,0,1,1,1,0
1902,Greedy,18.0,27.0,0.0,47.0,0.0,0.7,2,950,0,0,1,0,0,0,1,0,0
1903,Greedy,22.0,73.0,14.0,0.0,0.0,0.4,3,1000,0,0,0,0,0,1,1,1,0
1904,Greedy,21.0,73.0,14.0,0.0,0.0,0.7,3,1000,0,0,0,0,0,1,1,1,0
1905,Greedy,22.0,27.0,14.0,0.0,47.0,0.5,3,970,1,0,0,0,0,1,1,0,0
1906,Greedy,23.0,0.0,92.0,0.0,0.0,1.0,2,1000,0,2,0,0,0,0,0,0,0
1907,Greedy,22.0,73.0,14.0,0.0,0.0,0.4,3,1000,0,0,0,0,0,1,1,1,0
1908,Greedy,22.0,73.0,14.0,0.0,0.0,0.4,3,1000,0,0,0,0,0,1,1,1,0
1909,Greedy,21.0,73.0,14.0,0.0,0.0,1.2,3,1000,0,0,0,0,0,1,1,1,0
1910,Greedy,23.0,0.0,93.0,0.0,0.0,0.9,2,1000,0,2,0,0,0,0,0,0,0
1911,Greedy,22.0,73.0,14.0,0.0,0.0,0.2,3,1000,0,0,0,0,0,1,1,1,0
1912,Greedy,18.0,27.0,0.0,47.0,0.0,0.5,2,950,0,0,1,0,0,0,1,0,0
1913,Greedy,21.0,73.0,14.0,0.0,0.0,1.1,3,1000,0,0,0,0,0,1,1,1,0
1914,Greedy,22.0,73.0,14.0,0.0,0.0,0.4,3,1000,0,0,0,0,0,1,1,1,0
1915,Greedy,23.0,0.0,93.0,0.0,0.0,0.9,2,1000,0,2,0,0,0,0,0,0,0
1916,Greedy,22.0,73.0,14.0,0.0,0.0,0.4,3,1000,0,0,0,0,0,1,1,1,0
1917,Greedy,23.0,0.0,93.0,0.0,0.0,0.5,2,1000,0,2,0,0,0,0,0,0,0
1918,Greedy,22.0,73.0,14.0,0.0,0.0,0.3,3,1000,0,0,0,0,0,1,1,1,0
1919,Greedy,21.0,73.0,14.0,0.0,0.0,1.4,3,1000,0,0,0,0,0,1,1,1,0
1920,Greedy,22.0,73.0,14.0,0.0,0.0,0.3,3,1000,0,0,0,0,0,1,1,1,0
1921,Greedy,18.0,27.0,0.0,47.0,0.0,0.6,2,950,0,0,1,0,0,0,1,0,0
1922,Greedy,18.0,27.0,0.0,47.0,0.0,0.5,2,950,0,0,1,0,0,0,1,0,0
1923,Greedy,23.0,0.0,93.0,0.0,0.0,1.0,2,1000,0,2,0,0,0,0,0,0,0
1924,Greedy,22.0,73.0,14.0,0.0,0.0,0.3,3,1000,0,0,0,0,0,1,1,1,0
1925,Greedy,22.0,73.0,14.0,0.0,0.0,0.4,3,1000,0,0,0,0,0,1,1,1,0
1926,Greedy,22.0,73.0,14.0,0.0,0.0,0.3,3,1000,0,0,0,0,0,1,1,1,0
1927,Greedy,22.0,73.0,14.0,0.0,0.0,0.2,3,1000,0,0,0,0,0,1,1,1,0
1928,Greedy,22.0,73.0,14.0,0.0,0.0,0.3,3,1000,0,0,0,0,0,1,1,1,0
1929,Greedy,22.0,73.0,14.0,0.0,0.0,0.5,3,1000,0,0,0,0,0,1,1,1,0
1930,Greedy,21.0,73.0,14.0,0.0,0.0,1.0,3,1000,0,0,0,0,0,1,1,1,0
1931,Greedy,22.0,73.0,14.0,0.0,0.0,0.4,3,1000,0,0,0,0,0,1,1,1,0
1932,Greedy,18.0,27.0,0.0,47.0,0.0,0.4,2,950,0,0,1,0,0,0,1,0,0
1933,Greedy,18.0,27.0,0.0,47.0,0.0,0.7,2,950,0,0,1,0,0,0,1,0,0
