seed,strategy,final_qol,env,eco,saf,cul,hub_spread,placed_count,budget_used,use_circus,use_factory,use_fire_station,use_garden,use_hospital,use_library,use_mall,use_museum,use_office,use_park,use_police_station,use_recycling_plant,use_school
1234,RandomKid,25.0,14.0,72.0,0.0,14.0,0.8,4,1000,0,1,0,1,0,0,1,0,0,0,0,0,1
1235,RandomKid,21.0,0.0,14.0,46.0,27.0,1.0,3,950,0,0,0,0,1,0,0,1,1,0,0,0,0
1236,RandomKid,27.0,0.0,87.0,0.0,23.0,0.7,4,1000,0,1,0,0,0,1,1,0,1,0,0,0,0
1237,RandomKid,24.0,0.0,28.0,0.0,69.0,0.7,4,920,1,0,0,0,0,1,0,0,2,0,0,0,0
1238,RandomKid,22.0,46.0,14.0,14.0,14.0,0.5,4,920,0,0,0,0,0,0,0,0,1,0,1,1,1
1239,RandomKid,21.0,60.0,27.0,0.0,0.0,0.9,3,930,0,0,0,1,0,0,1,0,0,0,0,1,0
1240,RandomKid,23.0,28.0,0.0,14.0,50.0,0.7,6,950,0,0,0,2,0,1,0,0,0,0,1,0,2
1241,RandomKid,27.0,14.0,41.0,14.0,40.0,0.5,6,1000,0,0,0,1,0,0,1,1,1,0,1,0,1
1242,RandomKid,24.0,0.0,46.0,27.0,23.0,0.8,3,1000,0,1,1,0,0,1,0,0,0,0,0,0,0
1243,RandomKid,22.0,53.0,14.0,0.0,23.0,0.6,4,1000,0,0,0,0,0,1,0,0,1,2,0,0,0
1244,RandomKid,22.0,0.0,0.0,46.0,46.0,1.0,3,1000,0,0,0,0,1,2,0,0,0,0,0,0,0
1245,RandomKid,26.0,27.0,40.0,14.0,23.0,0.7,5,1000,0,0,0,0,0,1,1,0,1,1,1,0,0
1246,RandomKid,18.0,27.0,0.0,47.0,0.0,0.7,2,950,0,0,0,0,1,0,0,0,0,1,0,0,0
1247,RandomKid,21.0,46.0,0.0,0.0,41.0,0.6,3,920,0,0,0,0,0,0,0,1,0,0,0,1,1
1248,RandomKid,22.0,27.0,0.0,41.0,23.0,0.2,4,1000,0,0,1,0,0,1,0,0,0,1,1,0,0
1249,RandomKid,24.0,0.0,73.0,28.0,0.0,1.5,5,1000,0,1,0,0,0,0,0,0,2,0,2,0,0
1250,RandomKid,24.0,0.0,14.0,0.0,86.0,1.5,4,990,1,0,0,0,0,0,0,1,1,0,0,0,1
1251,RandomKid,22.0,14.0,14.0,46.0,14.0,0.2,4,1000,0,0,0,1,1,0,0,0,1,0,0,0,1
1252,RandomKid,31.0,0.0,80.0,0.0,46.0,0.9,5,1000,0,0,0,0,0,2,3,0,0,0,0,0,0
1253,RandomKid,25.0,14.0,41.0,27.0,23.0,1.1,5,980,0,0,1,1,0,1,1,0,1,0,0,0,0
1254,RandomKid,25.0,27.0,27.0,0.0,49.0,0.6,4,1000,0,0,0,0,0,1,1,1,0,1,0,0,0
1255,RandomKid,24.0,0.0,53.0,46.0,0.0,1.0,3,1000,0,0,0,0,1,0,2,0,0,0,0,0,0
1256,RandomKid,21.0,0.0,14.0,46.0,27.0,0.8,3,950,0,0,0,0,1,0,0,1,1,0,0,0,0
1257,RandomKid,27.0,0.0,87.0,0.0,23.0,0.8,4,1000,0,1,0,0,0,1,1,0,1,0,0,0,0
1258,RandomKid,22.0,47.0,0.0,40.0,0.0,0.4,3,1000,0,0,1,0,0,0,0,0,0,0,1,1,0
1259,RandomKid,25.0,14.0,74.0,0.0,14.0,0.9,5,1000,0,1,0,1,0,0,0,0,2,0,0,0,1
1260,RandomKid,21.0,0.0,0.0,41.0,46.0,1.2,3,970,1,0,1,0,0,0,0,0,0,0,1,0,0
1261,RandomKid,27.0,14.0,80.0,14.0,0.0,0.6,5,930,0,0,0,1,0,0,3,0,0,0,1,0,0
1262,RandomKid,24.0,46.0,27.0,0.0,23.0,0.7,3,950,0,0,0,0,0,1,1,0,0,0,0,1,0
1263,RandomKid,24.0,0.0,46.0,0.0,53.0,0.4,3,1000,0,1,0,0,0,0,0,2,0,0,0,0,0
1264,RandomKid,21.0,60.0,0.0,0.0,27.0,1.3,3,980,0,0,0,1,0,0,0,1,0,0,0,1,0
1265,RandomKid,25.0,0.0,14.0,26.0,63.0,1.1,5,970,0,0,1,0,0,1,0,1,1,0,0,0,1
1266,RandomKid,21.0,27.0,0.0,0.0,60.0,1.0,3,990,1,0,0,0,0,0,0,0,0,1,0,0,1
1267,RandomKid,21.0,0.0,14.0,73.0,0.0,1.3,3,1000,0,0,1,0,1,0,0,0,1,0,0,0,0
1268,RandomKid,22.0,0.0,0.0,46.0,46.0,1.2,3,1000,0,0,0,0,1,2,0,0,0,0,0,0,0
1269,RandomKid,18.0,14.0,0.0,60.0,0.0,0.5,3,930,0,0,0,1,1,0,0,0,0,0,1,0,0
1270,RandomKid,21.0,46.0,0.0,0.0,41.0,0.4,3,920,0,0,0,0,0,0,0,1,0,0,0,1,1
1271,RandomKid,21.0,0.0,14.0,72.0,0.0,0.6,3,1000,0,0,1,0,1,0,0,0,1,0,0,0,0
1272,RandomKid,23.0,0.0,0.0,0.0,96.0,1.2,3,970,1,0,0,0,0,1,0,1,0,0,0,0,0
1273,RandomKid,23.0,0.0,14.0,0.0,82.0,1.6,4,940,1,0,0,0,0,1,0,0,1,0,0,0,1
1274,RandomKid,25.0,0.0,88.0,0.0,14.0,0.5,5,920,0,1,0,0,0,0,0,0,3,0,0,0,1
1275,RandomKid,24.0,0.0,47.0,14.0,36.0,0.5,4,970,0,1,0,0,0,1,0,0,0,0,1,0,1
1276,RandomKid,22.0,14.0,14.0,46.0,14.0,0.6,4,1000,0,0,0,1,1,0,0,0,1,0,0,0,1
1277,RandomKid,18.0,14.0,0.0,60.0,0.0,0.6,3,930,0,0,0,1,1,0,0,0,0,0,1,0,0
1278,RandomKid,23.0,0.0,46.0,0.0,50.0,0.9,3,950,0,1,0,0,0,1,0,1,0,0,0,0,0
1279,RandomKid,23.0,0.0,0.0,28.0,67.0,0.7,5,920,0,0,0,0,0,0,0,2,0,0,2,0,1
1280,RandomKid,22.0,0.0,92.0,0.0,0.0,1.5,2,1000,0,2,0,0,0,0,0,0,0,0,0,0,0
1281,RandomKid,24.0,0.0,41.0,14.0,45.0,1.2,4,970,1,0,0,0,0,0,1,0,1,0,1,0,0
1282,RandomKid,21.0,14.0,46.0,27.0,0.0,1.3,3,980,0,1,1,1,0,0,0,0,0,0,0,0,0
1283,RandomKid,21.0,0.0,0.0,26.0,60.0,1.3,3,940,1,0,1,0,0,0,0,0,0,0,0,0,1
1284,RandomKid,25.0,0.0,60.0,14.0,28.0,0.5,5,990,0,1,0,0,0,0,0,0,1,0,1,0,2
1285,RandomKid,24.0,0.0,27.0,14.0,59.0,2.1,4,990,1,0,0,0,0,0,1,0,0,0,1,0,1
1286,RandomKid,21.0,27.0,46.0,0.0,14.0,0.8,3,970,0,1,0,0,0,0,0,0,0,1,0,0,1
1287,RandomKid,23.0,27.0,27.0,40.0,0.0,1.6,4,1000,0,0,1,0,0,0,1,0,0,1,1,0,0
1288,RandomKid,24.0,14.0,14.0,40.0,28.0,0.6,6,970,0,0,1,1,0,0,0,0,1,0,1,0,2
1289,RandomKid,21.0,27.0,60.0,0.0,0.0,1.0,3,950,0,1,0,0,0,0,0,0,1,1,0,0,0
1290,RandomKid,21.0,0.0,14.0,46.0,26.0,1.5,3,950,0,0,0,0,1,0,0,1,1,0,0,0,0
1291,RandomKid,21.0,14.0,14.0,46.0,14.0,1.0,4,1000,0,0,0,1,1,0,0,0,1,0,0,0,1
1292,RandomKid,24.0,0.0,0.0,14.0,83.0,0.8,4,990,1,0,0,0,0,1,0,0,0,0,1,0,1
1293,RandomKid,21.0,46.0,0.0,28.0,14.0,1.0,4,970,0,0,0,0,0,0,0,0,0,0,2,1,1
1294,RandomKid,21.0,0.0,0.0,46.0,42.0,1.0,4,960,0,0,0,0,1,0,0,0,0,0,0,0,3
1295,RandomKid,24.0,46.0,40.0,0.0,14.0,1.4,4,970,0,0,0,0,0,0,1,0,1,0,0,1,1
1296,RandomKid,22.0,28.0,14.0,27.0,23.0,0.9,5,960,0,0,1,2,0,1,0,0,1,0,0,0,0
1297,RandomKid,28.0,0.0,54.0,14.0,45.0,0.4,6,950,0,0,0,0,0,2,1,0,2,0,1,0,0
1298,RandomKid,25.0,0.0,14.0,40.0,49.0,1.0,5,1000,0,0,1,0,0,1,0,1,1,0,1,0,0
1299,RandomKid,23.0,0.0,28.0,46.0,23.0,1.5,4,1000,0,0,0,0,1,1,0,0,2,0,0,0,0
1300,RandomKid,27.0,0.0,54.0,54.0,0.0,1.0,6,1000,0,0,1,0,0,0,1,0,2,0,2,0,0
1301,RandomKid,25.0,14.0,86.0,0.0,0.0,0.8,4,980,0,1,0,1,0,0,1,0,1,0,0,0,0
1302,RandomKid,21.0,14.0,0.0,27.0,46.0,1.5,3,1000,1,0,1,1,0,0,0,0,0,0,0,0,0
1303,RandomKid,25.0,0.0,73.0,0.0,28.0,0.7,4,940,0,1,0,0,0,0,1,0,0,0,0,0,2
1304,RandomKid,21.0,27.0,14.0,0.0,46.0,0.8,3,970,1,0,0,0,0,0,0,0,1,1,0,0,0
1305,RandomKid,23.0,0.0,93.0,0.0,0.0,1.1,2,1000,0,2,0,0,0,0,0,0,0,0,0,0,0
1306,RandomKid,23.0,28.0,27.0,0.0,40.0,1.0,5,930,0,0,0,2,0,0,1,1,0,0,0,0,1
1307,RandomKid,22.0,27.0,14.0,28.0,23.0,0.7,5,950,0,0,0,0,0,1,0,0,1,1,2,0,0
1308,RandomKid,24.0,14.0,0.0,26.0,59.0,1.0,5,1000,0,0,1,1,0,2,0,0,0,0,0,0,1
1309,RandomKid,21.0,0.0,14.0,72.0,0.0,0.9,3,1000,0,0,1,0,1,0,0,0,1,0,0,0,0
1310,RandomKid,23.0,26.0,28.0,14.0,26.0,1.2,5,950,0,0,0,0,0,0,0,1,2,1,1,0,0
1311,RandomKid,21.0,0.0,14.0,46.0,27.0,1.3,3,950,0,0,0,0,1,0,0,1,1,0,0,0,0
1312,RandomKid,22.0,27.0,0.0,41.0,23.0,0.6,4,1000,0,0,1,0,0,1,0,0,0,1,1,0,0
1313,RandomKid,18.0,27.0,0.0,46.0,0.0,0.9,2,950,0,0,0,0,1,0,0,0,0,1,0,0,0
1314,RandomKid,22.0,0.0,14.0,73.0,0.0,0.2,3,1000,0,0,1,0,1,0,0,0,1,0,0,0,0
1315,RandomKid,22.0,0.0,46.0,28.0,14.0,0.6,4,920,0,1,0,0,0,0,0,0,0,0,2,0,1
1316,RandomKid,26.0,0.0,87.0,0.0,23.0,2.0,4,1000,0,1,0,0,0,1,1,0,1,0,0,0,0
1317,RandomKid,24.0,14.0,14.0,28.0,40.0,0.2,6,950,0,0,0,1,0,0,0,1,1,0,2,0,1
1318,RandomKid,24.0,0.0,72.0,0.0,27.0,1.5,3,950,0,1,0,0,0,0,1,1,0,0,0,0,0
1319,RandomKid,26.0,28.0,26.0,0.0,50.0,0.9,6,1000,0,0,0,2,0,1,1,0,0,0,0,0,2
1320,RandomKid,27.0,27.0,67.0,14.0,0.0,0.4,5,1000,0,0,0,0,0,0,2,0,1,1,1,0,0
1321,RandomKid,25.0,26.0,0.0,0.0,72.0,0.1,4,1000,0,0,0,0,0,2,0,1,0,1,0,0,0
1322,RandomKid,24.0,14.0,86.0,0.0,0.0,1.4,4,980,0,1,0,1,0,0,1,0,1,0,0,0,0
1323,RandomKid,21.0,26.0,14.0,0.0,46.0,0.8,3,970,1,0,0,0,0,0,0,0,1,1,0,0,0
1324,RandomKid,21.0,27.0,46.0,0.0,14.0,1.5,3,970,0,1,0,0,0,0,0,0,0,1,0,0,1
1325,RandomKid,24.0,0.0,0.0,14.0,83.0,0.2,4,990,1,0,0,0,0,1,0,0,0,0,1,0,1
1326,RandomKid,21.0,46.0,0.0,14.0,27.0,1.2,3,950,0,0,0,0,0,0,0,1,0,0,1,1,0
1327,RandomKid,21.0,14.0,14.0,14.0,46.0,1.2,4,950,1,0,0,1,0,0,0,0,1,0,1,0,0
1328,RandomKid,24.0,0.0,27.0,0.0,73.0,1.6,4,960,1,0,0,0,0,0,1,0,0,0,0,0,2
1329,RandomKid,21.0,60.0,27.0,0.0,0.0,1.1,3,930,0,0,0,1,0,0,1,0,0,0,0,1,0
1330,RandomKid,22.0,26.0,0.0,27.0,37.0,1.4,4,970,0,0,1,0,0,1,0,0,0,1,0,0,1
1331,RandomKid,21.0,14.0,27.0,46.0,0.0,1.1,3,980,0,0,0,1,1,0,1,0,0,0,0,0,0
1332,RandomKid,21.0,0.0,14.0,73.0,0.0,1.1,3,1000,0,0,1,0,1,0,0,0,1,0,0,0,0
1333,RandomKid,20.0,67.0,14.0,0.0,0.0,0.6,4,980,0,0,0,1,0,0,0,0,1,2,0,0,0
1334,RandomKid,21.0,0.0,14.0,72.0,0.0,1.0,3,1000,0,0,1,0,1,0,0,0,1,0,0,0,0
1335,RandomKid,22.0,60.0,26.0,0.0,0.0,0.3,3,930,0,0,0,1,0,0,1,0,0,0,0,1,0
1336,RandomKid,22.0,0.0,27.0,60.0,0.0,0.3,3,950,0,0,0,0,1,0,1,0,0,0,1,0,0
1337,RandomKid,22.0,0.0,0.0,0.0,92.0,1.5,3,920,1,0,0,0,0,2,0,0,0,0,0,0,0
1338,RandomKid,25.0,14.0,87.0,0.0,0.0,0.6,4,980,0,1,0,1,0,0,1,0,1,0,0,0,0
1339,RandomKid,21.0,0.0,28.0,46.0,14.0,1.0,4,920,0,0,0,0,1,0,0,0,2,0,0,0,1
1340,RandomKid,24.0,46.0,0.0,0.0,50.0,0.8,3,1000,0,0,0,0,0,1,0,1,0,0,0,1,0
1341,RandomKid,23.0,27.0,14.0,14.0,40.0,0.5,5,970,0,0,0,0,0,0,0,1,1,1,1,0,1
1342,RandomKid,21.0,45.0,0.0,0.0,41.0,0.9,3,920,0,0,0,0,0,0,0,1,0,0,0,1,1
1343,RandomKid,23.0,28.0,41.0,26.0,0.0,0.7,5,960,0,0,1,2,0,0,1,0,1,0,0,0,0
1344,RandomKid,24.0,0.0,46.0,0.0,50.0,0.4,3,950,0,1,0,0,0,1,0,1,0,0,0,0,0
1345,RandomKid,22.0,14.0,46.0,28.0,0.0,0.6,4,980,0,1,0,1,0,0,0,0,0,0,2,0,0
1346,RandomKid,26.0,0.0,14.0,14.0,80.0,0.9,5,1000,0,0,0,0,0,0,0,3,1,0,1,0,0
1347,RandomKid,18.0,27.0,0.0,46.0,0.0,1.3,2,950,0,0,0,0,1,0,0,0,0,1,0,0,0
1348,RandomKid,24.0,0.0,27.0,0.0,69.0,0.8,3,920,1,0,0,0,0,1,1,0,0,0,0,0,0
1349,RandomKid,24.0,40.0,28.0,14.0,14.0,0.3,6,1000,0,0,0,1,0,0,0,0,2,1,1,0,1
1350,RandomKid,23.0,41.0,26.0,14.0,14.0,0.5,5,1000,0,0,0,1,0,0,1,0,0,1,1,0,1
1351,RandomKid,25.0,46.0,54.0,0.0,0.0,1.1,4,950,0,0,0,0,0,0,1,0,2,0,0,1,0
1352,RandomKid,24.0,0.0,73.0,0.0,27.0,1.6,3,950,0,1,0,0,0,0,1,1,0,0,0,0,0
1353,RandomKid,27.0,0.0,54.0,55.0,0.0,0.6,6,1000,0,0,1,0,0,0,1,0,2,0,2,0,0
1354,RandomKid,22.0,27.0,0.0,27.0,37.0,0.9,4,970,0,0,1,0,0,1,0,0,0,1,0,0,1
1355,RandomKid,23.0,27.0,27.0,27.0,14.0,1.0,4,970,0,0,1,0,0,0,1,0,0,1,0,0,1
1356,RandomKid,21.0,26.0,46.0,0.0,14.0,1.3,3,970,0,1,0,0,0,0,0,0,0,1,0,0,1
1357,RandomKid,20.0,14.0,0.0,46.0,23.0,1.0,3,980,0,0,0,1,1,1,0,0,0,0,0,0,0
1358,RandomKid,23.0,47.0,26.0,0.0,22.0,0.5,3,950,0,0,0,0,0,1,1,0,0,0,0,1,0
1359,RandomKid,26.0,0.0,0.0,14.0,90.0,0.7,5,970,0,0,0,0,0,1,0,2,0,0,1,0,1
1360,RandomKid,24.0,46.0,28.0,0.0,23.0,0.7,4,950,0,0,0,0,0,1,0,0,2,0,0,1,0
1361,RandomKid,24.0,26.0,14.0,14.0,46.0,1.9,5,1000,0,0,0,0,0,2,0,0,1,1,1,0,0
1362,RandomKid,22.0,47.0,14.0,14.0,14.0,0.2,4,920,0,0,0,0,0,0,0,0,1,0,1,1,1
1363,RandomKid,26.0,0.0,28.0,53.0,23.0,0.8,5,1000,0,0,2,0,0,1,0,0,2,0,0,0,0
1364,RandomKid,24.0,42.0,41.0,0.0,14.0,0.4,6,960,0,0,0,3,0,0,1,0,1,0,0,0,1
1365,RandomKid,21.0,0.0,14.0,74.0,0.0,0.9,4,1000,0,0,0,0,1,0,0,0,1,0,2,0,0
1366,RandomKid,25.0,0.0,27.0,14.0,60.0,0.4,4,990,1,0,0,0,0,0,1,0,0,0,1,0,1
1367,RandomKid,25.0,0.0,73.0,0.0,27.0,0.8,3,950,0,1,0,0,0,0,1,1,0,0,0,0,0
1368,RandomKid,28.0,0.0,88.0,0.0,23.0,0.2,5,1000,0,1,0,0,0,1,0,0,3,0,0,0,0
1369,RandomKid,25.0,0.0,27.0,0.0,74.0,0.9,4,960,1,0,0,0,0,0,1,0,0,0,0,0,2
1370,RandomKid,24.0,0.0,46.0,0.0,54.0,1.4,4,990,0,1,0,0,0,0,0,1,0,0,0,0,2
1371,RandomKid,21.0,73.0,14.0,0.0,0.0,1.5,3,1000,0,0,0,0,0,0,0,0,1,1,0,1,0
1372,RandomKid,21.0,0.0,27.0,60.0,0.0,1.0,3,950,0,0,0,0,1,0,1,0,0,0,1,0,0
1373,RandomKid,19.0,54.0,0.0,0.0,23.0,1.2,4,910,0,0,0,2,0,1,0,0,0,1,0,0,0
1374,RandomKid,26.0,0.0,53.0,53.0,0.0,1.3,4,1000,0,0,2,0,0,0,2,0,0,0,0,0,0
1375,RandomKid,23.0,0.0,0.0,0.0,92.0,0.8,3,920,1,0,0,0,0,2,0,0,0,0,0,0,0
1376,RandomKid,23.0,14.0,14.0,53.0,14.0,0.8,5,1000,0,0,2,1,0,0,0,0,1,0,0,0,1
1377,RandomKid,26.0,27.0,27.0,0.0,49.0,0.3,4,1000,0,0,0,0,0,1,1,1,0,1,0,0,0
1378,RandomKid,22.0,0.0,14.0,73.0,0.0,0.4,3,1000,0,0,1,0,1,0,0,0,1,0,0,0,0
1379,RandomKid,18.0,14.0,0.0,60.0,0.0,1.5,3,930,0,0,0,1,1,0,0,0,0,0,1,0,0
1380,RandomKid,21.0,0.0,14.0,46.0,27.0,1.1,3,950,0,0,0,0,1,0,0,1,1,0,0,0,0
1381,RandomKid,21.0,46.0,0.0,14.0,28.0,1.0,4,940,0,0,0,0,0,0,0,0,0,0,1,1,2
1382,RandomKid,24.0,0.0,60.0,0.0,37.0,0.6,4,920,0,1,0,0,0,1,0,0,1,0,0,0,1
1383,RandomKid,21.0,46.0,14.0,27.0,0.0,0.6,3,950,0,0,1,0,0,0,0,0,1,0,0,1,0
1384,RandomKid,22.0,14.0,0.0,0.0,74.0,0.7,4,940,1,0,0,1,0,0,0,0,0,0,0,0,2
1385,RandomKid,25.0,46.0,41.0,14.0,0.0,0.9,4,1000,0,0,0,0,0,0,1,0,1,0,1,1,0
1386,RandomKid,29.0,0.0,53.0,0.0,64.0,1.1,5,970,0,0,0,0,0,1,2,1,0,0,0,0,1
1387,RandomKid,24.0,0.0,73.0,27.0,0.0,1.6,3,1000,0,1,1,0,0,0,1,0,0,0,0,0,0
1388,RandomKid,29.0,0.0,40.0,0.0,76.0,0.7,5,1000,0,0,0,0,0,1,1,2,1,0,0,0,0
1389,RandomKid,26.0,26.0,42.0,14.0,23.0,0.4,6,1000,0,0,0,0,0,1,0,0,3,1,1,0,0
1390,RandomKid,29.0,0.0,40.0,0.0,76.0,0.4,5,1000,0,0,0,0,0,1,1,2,1,0,0,0,0
1391,RandomKid,21.0,27.0,60.0,0.0,0.0,1.6,4,960,0,1,0,2,0,0,0,0,1,0,0,0,0
1392,RandomKid,22.0,0.0,0.0,27.0,60.0,0.5,3,940,1,0,1,0,0,0,0,0,0,0,0,0,1
1393,RandomKid,23.0,0.0,92.0,0.0,0.0,0.4,2,1000,0,2,0,0,0,0,0,0,0,0,0,0,0
1394,RandomKid,21.0,0.0,46.0,27.0,14.0,1.5,3,920,0,1,1,0,0,0,0,0,0,0,0,0,1
1395,RandomKid,24.0,0.0,26.0,14.0,60.0,1.4,4,990,1,0,0,0,0,0,1,0,0,0,1,0,1
1396,RandomKid,24.0,14.0,46.0,0.0,37.0,1.1,4,1000,0,1,0,1,0,1,0,0,0,0,0,0,1
1397,RandomKid,22.0,0.0,0.0,40.0,46.0,0.4,3,970,1,0,1,0,0,0,0,0,0,0,1,0,0
1398,RandomKid,23.0,0.0,14.0,67.0,14.0,1.0,5,970,0,0,2,0,0,0,0,0,1,0,1,0,1
1399,RandomKid,26.0,14.0,27.0,27.0,37.0,0.5,5,1000,0,0,1,1,0,1,1,0,0,0,0,0,1
1400,RandomKid,23.0,27.0,41.0,27.0,0.0,0.6,4,950,0,0,1,0,0,0,1,0,1,1,0,0,0
1401,RandomKid,21.0,0.0,27.0,46.0,14.0,1.0,3,920,0,0,0,0,1,0,1,0,0,0,0,0,1
1402,RandomKid,21.0,60.0,0.0,0.0,26.0,0.4,3,980,0,0,0,1,0,0,0,1,0,0,0,1,0
1403,RandomKid,24.0,27.0,27.0,28.0,14.0,0.7,6,970,0,0,0,0,0,0,0,0,2,1,2,0,1
1404,RandomKid,26.0,27.0,41.0,0.0,37.0,0.5,5,970,0,0,0,0,0,1,1,0,1,1,0,0,1
1405,RandomKid,25.0,0.0,60.0,14.0,28.0,0.5,5,990,0,1,0,0,0,0,0,0,1,0,1,0,2
1406,RandomKid,26.0,0.0,28.0,27.0,53.0,1.0,5,1000,0,0,1,0,0,0,0,2,2,0,0,0,0
1407,RandomKid,26.0,0.0,60.0,0.0,46.0,1.1,4,1000,0,1,0,0,0,2,0,0,1,0,0,0,0
1408,RandomKid,26.0,0.0,28.0,26.0,53.0,1.0,5,1000,0,0,1,0,0,0,0,2,2,0,0,0,0
1409,RandomKid,23.0,27.0,0.0,0.0,68.0,1.3,4,950,0,0,0,0,0,3,0,0,0,1,0,0,0
1410,RandomKid,22.0,0.0,27.0,60.0,0.0,0.3,3,950,0,0,0,0,1,0,1,0,0,0,1,0,0
1411,RandomKid,21.0,0.0,14.0,46.0,26.0,1.7,3,950,0,0,0,0,1,0,0,1,1,0,0,0,0
1412,RandomKid,23.0,14.0,27.0,53.0,0.0,0.3,4,980,0,0,2,1,0,0,1,0,0,0,0,0,0
1413,RandomKid,23.0,28.0,14.0,0.0,53.0,0.5,5,960,0,0,0,2,0,0,0,2,1,0,0,0,0
1414,RandomKid,21.0,0.0,46.0,27.0,13.0,0.9,3,920,0,1,1,0,0,0,0,0,0,0,0,0,1
1415,RandomKid,25.0,0.0,41.0,0.0,60.0,0.6,4,940,1,0,0,0,0,0,1,0,1,0,0,0,1
1416,RandomKid,25.0,0.0,27.0,14.0,60.0,0.2,4,990,1,0,0,0,0,0,1,0,0,0,1,0,1
1417,RandomKid,28.0,0.0,80.0,0.0,36.0,1.4,5,920,0,0,0,0,0,1,3,0,0,0,0,0,1
1418,RandomKid,22.0,14.0,47.0,0.0,28.0,0.4,4,920,0,1,0,1,0,0,0,0,0,0,0,0,2
1419,RandomKid,20.0,54.0,0.0,14.0,14.0,0.9,5,980,0,0,0,2,0,0,0,0,0,1,1,0,1
1420,RandomKid,22.0,27.0,0.0,41.0,23.0,1.0,4,1000,0,0,1,0,0,1,0,0,0,1,1,0,0
1421,RandomKid,22.0,46.0,0.0,0.0,42.0,0.4,4,910,0,0,0,0,0,0,0,0,0,0,0,1,3
1422,RandomKid,27.0,14.0,40.0,0.0,54.0,0.9,6,970,0,0,0,1,0,0,1,1,1,0,0,0,2
1423,RandomKid,23.0,40.0,27.0,0.0,26.0,0.4,4,980,0,0,0,1,0,0,1,1,0,1,0,0,0
1424,RandomKid,18.0,27.0,0.0,46.0,0.0,0.8,2,950,0,0,0,0,1,0,0,0,0,1,0,0,0
1425,RandomKid,21.0,46.0,14.0,27.0,0.0,0.7,3,950,0,0,1,0,0,0,0,0,1,0,0,1,0
1426,RandomKid,29.0,0.0,55.0,0.0,63.0,0.4,7,970,0,0,0,0,0,1,0,1,4,0,0,0,1
1427,RandomKid,24.0,28.0,14.0,27.0,28.0,0.4,6,1000,0,0,1,2,0,0,0,0,1,0,0,0,2
1428,RandomKid,24.0,0.0,40.0,0.0,60.0,1.9,4,940,1,0,0,0,0,0,1,0,1,0,0,0,1
1429,RandomKid,21.0,46.0,14.0,14.0,14.0,1.3,4,920,0,0,0,0,0,0,0,0,1,0,1,1,1
1430,RandomKid,23.0,0.0,0.0,0.0,92.0,0.5,3,920,1,0,0,0,0,2,0,0,0,0,0,0,0
1431,RandomKid,26.0,0.0,40.0,26.0,41.0,1.6,5,970,0,0,1,0,0,0,1,1,1,0,0,0,1
1432,RandomKid,26.0,27.0,40.0,0.0,37.0,0.8,5,970,0,0,0,0,0,1,1,0,1,1,0,0,1
1433,RandomKid,23.0,0.0,27.0,0.0,69.0,1.4,3,920,1,0,0,0,0,1,1,0,0,0,0,0,0
1434,RandomKid,23.0,0.0,46.0,0.0,49.0,0.9,3,950,0,1,0,0,0,1,0,1,0,0,0,0,0
1435,RandomKid,21.0,27.0,46.0,14.0,0.0,1.7,3,1000,0,1,0,0,0,0,0,0,0,1,1,0,0
1436,RandomKid,27.0,0.0,41.0,40.0,27.0,0.7,6,990,0,0,1,0,0,0,1,0,1,0,1,0,2
1437,RandomKid,21.0,0.0,46.0,28.0,14.0,1.4,4,920,0,1,0,0,0,0,0,0,0,0,2,0,1
1438,RandomKid,21.0,14.0,0.0,14.0,60.0,0.9,4,970,1,0,0,1,0,0,0,0,0,0,1,0,1
1439,RandomKid,27.0,0.0,14.0,14.0,81.0,0.6,6,990,0,0,0,0,0,0,0,2,1,0,1,0,2
1440,RandomKid,21.0,73.0,14.0,0.0,0.0,0.6,3,1000,0,0,0,0,0,0,0,0,1,1,0,1,0
1441,RandomKid,25.0,0.0,28.0,26.0,50.0,0.9,5,950,0,0,1,0,0,1,0,1,2,0,0,0,0
1442,RandomKid,25.0,14.0,86.0,0.0,0.0,0.9,4,980,0,1,0,1,0,0,1,0,1,0,0,0,0
1443,RandomKid,21.0,0.0,46.0,40.0,0.0,1.2,3,950,0,1,1,0,0,0,0,0,0,0,1,0,0
1444,RandomKid,20.0,53.0,0.0,0.0,27.0,0.3,3,950,0,0,0,0,0,0,0,1,0,2,0,0,0
1445,RandomKid,21.0,0.0,14.0,72.0,0.0,1.8,3,1000,0,0,1,0,1,0,0,0,1,0,0,0,0
1446,RandomKid,22.0,26.0,0.0,27.0,37.0,0.3,4,970,0,0,1,0,0,1,0,0,0,1,0,0,1
1447,RandomKid,25.0,0.0,54.0,46.0,0.0,0.4,4,1000,0,0,0,0,1,0,1,0,2,0,0,0,0
1448,RandomKid,21.0,46.0,0.0,14.0,27.0,1.4,3,950,0,0,0,0,0,0,0,1,0,0,1,1,0
1449,RandomKid,25.0,0.0,74.0,14.0,14.0,0.4,5,970,0,1,0,0,0,0,0,0,2,0,1,0,1
1450,RandomKid,24.0,0.0,72.0,26.0,0.0,0.5,3,1000,0,1,1,0,0,0,1,0,0,0,0,0,0
1451,RandomKid,23.0,40.0,14.0,0.0,40.0,0.9,5,1000,0,0,0,1,0,0,0,1,1,1,0,0,1
1452,RandomKid,25.0,47.0,54.0,0.0,0.0,0.7,4,950,0,0,0,0,0,0,1,0,2,0,0,1,0
1453,RandomKid,22.0,14.0,0.0,41.0,37.0,0.6,5,950,0,0,1,1,0,1,0,0,0,0,1,0,1
1454,RandomKid,25.0,0.0,27.0,14.0,60.0,0.6,4,990,1,0,0,0,0,0,1,0,0,0,1,0,1
1455,RandomKid,23.0,27.0,0.0,42.0,23.0,0.5,5,1000,0,0,0,0,0,1,0,0,0,1,3,0,0
1456,RandomKid,27.0,14.0,40.0,0.0,56.0,0.3,7,960,0,0,0,1,0,0,1,0,1,0,0,0,4
1457,RandomKid,23.0,27.0,0.0,14.0,53.0,0.5,4,1000,0,0,0,0,0,0,0,2,0,1,1,0,0
1458,RandomKid,25.0,0.0,55.0,0.0,46.0,1.3,4,920,1,0,0,0,0,0,1,0,2,0,0,0,0
1459,RandomKid,21.0,14.0,0.0,0.0,72.0,0.8,3,950,1,0,0,1,0,0,0,1,0,0,0,0,0
1460,RandomKid,22.0,14.0,0.0,40.0,36.0,0.8,5,950,0,0,1,1,0,1,0,0,0,0,1,0,1
1461,RandomKid,22.0,0.0,0.0,14.0,73.0,0.2,3,920,1,0,0,0,0,0,0,1,0,0,1,0,0
1462,RandomKid,25.0,0.0,86.0,14.0,0.0,0.5,4,950,0,1,0,0,0,0,1,0,1,0,1,0,0
1463,RandomKid,27.0,14.0,40.0,14.0,40.0,0.4,6,1000,0,0,0,1,0,0,1,1,1,0,1,0,1
1464,RandomKid,24.0,0.0,54.0,46.0,0.0,1.1,4,1000,0,0,0,0,1,0,1,0,2,0,0,0,0
1465,RandomKid,18.0,27.0,0.0,46.0,0.0,0.6,2,950,0,0,0,0,1,0,0,0,0,1,0,0,0
1466,RandomKid,25.0,0.0,73.0,27.0,0.0,0.4,3,1000,0,1,1,0,0,0,1,0,0,0,0,0,0
1467,RandomKid,21.0,73.0,14.0,0.0,0.0,2.0,3,1000,0,0,0,0,0,0,0,0,1,1,0,1,0
1468,RandomKid,21.0,0.0,14.0,73.0,0.0,1.0,3,1000,0,0,1,0,1,0,0,0,1,0,0,0,0
1469,RandomKid,24.0,46.0,40.0,14.0,0.0,1.3,4,1000,0,0,0,0,0,0,1,0,1,0,1,1,0
1470,RandomKid,20.0,0.0,0.0,60.0,23.0,1.0,3,950,0,0,0,0,1,1,0,0,0,0,1,0,0
1471,RandomKid,24.0,47.0,0.0,0.0,50.0,0.6,3,1000,0,0,0,0,0,1,0,1,0,0,0,1,0
1472,RandomKid,26.0,27.0,40.0,0.0,37.0,0.5,5,970,0,0,0,0,0,1,1,0,1,1,0,0,1
1473,RandomKid,27.0,14.0,54.0,0.0,40.0,0.8,6,950,0,0,0,1,0,0,1,1,2,0,0,0,1
1474,RandomKid,27.0,0.0,86.0,0.0,23.0,1.0,4,1000,0,1,0,0,0,1,1,0,1,0,0,0,0
1475,RandomKid,23.0,27.0,14.0,0.0,53.0,0.4,4,950,0,0,0,0,0,0,0,2,1,1,0,0,0
1476,RandomKid,26.0,27.0,27.0,0.0,50.0,0.6,5,990,0,0,0,0,0,1,1,0,0,1,0,0,2
1477,RandomKid,23.0,0.0,27.0,0.0,69.0,1.4,3,920,1,0,0,0,0,1,1,0,0,0,0,0,0
1478,RandomKid,21.0,73.0,14.0,0.0,0.0,0.7,3,1000,0,0,0,0,0,0,0,0,1,1,0,1,0
1479,RandomKid,25.0,0.0,60.0,0.0,40.0,0.2,4,970,0,1,0,0,0,0,0,1,1,0,0,0,1
1480,RandomKid,23.0,14.0,0.0,26.0,54.0,0.5,4,980,0,0,1,1,0,0,0,2,0,0,0,0,0
1481,RandomKid,23.0,0.0,93.0,0.0,0.0,0.7,2,1000,0,2,0,0,0,0,0,0,0,0,0,0,0
1482,RandomKid,24.0,0.0,40.0,0.0,60.0,1.3,4,940,1,0,0,0,0,0,1,0,1,0,0,0,1
1483,RandomKid,25.0,0.0,28.0,14.0,60.0,1.1,5,990,1,0,0,0,0,0,0,0,2,0,1,0,1
1484,RandomKid,25.0,14.0,14.0,0.0,73.0,0.9,6,920,0,0,0,1,0,2,0,0,1,0,0,0,2
1485,RandomKid,23.0,27.0,14.0,28.0,27.0,0.6,5,1000,0,0,0,0,0,0,0,1,1,1,2,0,0
1486,RandomKid,22.0,28.0,14.0,27.0,23.0,1.7,5,960,0,0,1,2,0,1,0,0,1,0,0,0,0
1487,RandomKid,23.0,47.0,0.0,0.0,50.0,1.1,3,1000,0,0,0,0,0,1,0,1,0,0,0,1,0
1488,RandomKid,23.0,27.0,27.0,40.0,0.0,0.5,4,1000,0,0,1,0,0,0,1,0,0,1,1,0,0
1489,RandomKid,21.0,0.0,0.0,60.0,27.0,0.8,3,1000,0,0,0,0,1,0,0,1,0,0,1,0,0
1490,RandomKid,22.0,27.0,0.0,14.0,50.0,1.3,4,950,0,0,0,0,0,1,0,1,0,1,1,0,0
1491,RandomKid,20.0,14.0,0.0,46.0,23.0,0.7,3,980,0,0,0,1,1,1,0,0,0,0,0,0,0
1492,RandomKid,23.0,0.0,93.0,0.0,0.0,1.1,2,1000,0,2,0,0,0,0,0,0,0,0,0,0,0
1493,RandomKid,25.0,46.0,40.0,0.0,14.0,0.9,4,970,0,0,0,0,0,0,1,0,1,0,0,1,1
1494,RandomKid,21.0,46.0,0.0,0.0,41.0,0.8,3,920,0,0,0,0,0,0,0,1,0,0,0,1,1
1495,RandomKid,23.0,40.0,27.0,14.0,14.0,1.1,5,1000,0,0,0,1,0,0,1,0,0,1,1,0,1
1496,RandomKid,25.0,28.0,14.0,0.0,60.0,0.2,6,980,0,0,0,2,0,2,0,0,1,0,0,0,1
1497,RandomKid,17.0,26.0,0.0,46.0,0.0,1.7,2,950,0,0,0,0,1,0,0,0,0,1,0,0,0
1498,RandomKid,23.0,27.0,27.0,14.0,27.0,0.6,4,950,0,0,0,0,0,0,1,1,0,1,1,0,0
1499,RandomKid,24.0,0.0,0.0,0.0,97.0,1.0,4,960,1,0,0,0,0,1,0,0,0,0,0,0,2
1500,RandomKid,24.0,14.0,73.0,0.0,14.0,1.2,4,1000,0,1,0,1,0,0,1,0,0,0,0,0,1
1501,RandomKid,23.0,0.0,93.0,0.0,0.0,0.8,2,1000,0,2,0,0,0,0,0,0,0,0,0,0,0
1502,RandomKid,26.0,0.0,60.0,0.0,45.0,1.0,4,1000,0,1,0,0,0,2,0,0,1,0,0,0,0
1503,RandomKid,24.0,0.0,0.0,14.0,83.0,0.4,4,990,1,0,0,0,0,1,0,0,0,0,1,0,1
1504,RandomKid,25.0,14.0,73.0,0.0,14.0,0.5,4,1000,0,1,0,1,0,0,1,0,0,0,0,0,1
1505,RandomKid,21.0,27.0,14.0,0.0,46.0,1.0,3,970,1,0,0,0,0,0,0,0,1,1,0,0,0
1506,RandomKid,23.0,26.0,0.0,14.0,53.0,0.5,4,1000,0,0,0,0,0,0,0,2,0,1,1,0,0
1507,RandomKid,22.0,0.0,0.0,53.0,37.0,0.8,4,920,0,0,2,0,0,1,0,0,0,0,0,0,1
1508,RandomKid,23.0,0.0,14.0,53.0,27.0,0.9,4,950,0,0,2,0,0,0,0,1,1,0,0,0,0
1509,RandomKid,21.0,14.0,0.0,26.0,46.0,0.9,3,1000,1,0,1,1,0,0,0,0,0,0,0,0,0
1510,RandomKid,22.0,60.0,0.0,0.0,27.0,0.4,3,980,0,0,0,1,0,0,0,1,0,0,0,1,0
1511,RandomKid,27.0,14.0,40.0,14.0,41.0,0.3,6,1000,0,0,0,1,0,0,1,1,1,0,1,0,1
1512,RandomKid,21.0,0.0,27.0,46.0,14.0,1.2,3,920,0,0,0,0,1,0,1,0,0,0,0,0,1
1513,RandomKid,22.0,73.0,14.0,0.0,0.0,0.5,3,1000,0,0,0,0,0,0,0,0,1,1,0,1,0
1514,RandomKid,25.0,0.0,55.0,46.0,0.0,1.2,4,1000,0,0,0,0,1,0,1,0,2,0,0,0,0
1515,RandomKid,20.0,40.0,0.0,40.0,0.0,0.4,4,980,0,0,1,1,0,0,0,0,0,1,1,0,0
1516,RandomKid,25.0,46.0,28.0,0.0,27.0,0.9,5,990,0,0,0,0,0,0,0,0,2,0,0,1,2
1517,RandomKid,23.0,27.0,28.0,14.0,27.0,0.8,5,950,0,0,0,0,0,0,0,1,2,1,1,0,0
1518,RandomKid,28.0,14.0,40.0,0.0,60.0,1.1,6,1000,0,0,0,1,0,2,1,0,1,0,0,0,1
1519,RandomKid,27.0,0.0,40.0,14.0,54.0,0.3,6,940,0,0,0,0,0,0,1,1,1,0,1,0,2
1520,RandomKid,25.0,0.0,0.0,40.0,59.0,0.4,5,970,0,0,1,0,0,2,0,0,0,0,1,0,1
1521,RandomKid,25.0,14.0,86.0,0.0,0.0,0.6,4,980,0,1,0,1,0,0,1,0,1,0,0,0,0
1522,RandomKid,25.0,0.0,0.0,0.0,100.0,0.0,4,1000,0,0,0,0,0,0,0,4,0,0,0,0,0
1523,RandomKid,25.0,27.0,40.0,0.0,37.0,1.0,5,970,0,0,0,0,0,1,1,0,1,1,0,0,1
1524,RandomKid,22.0,27.0,27.0,14.0,23.0,0.9,5,910,0,0,0,2,0,1,1,0,0,0,1,0,0
1525,RandomKid,23.0,46.0,0.0,0.0,50.0,1.1,3,1000,0,0,0,0,0,1,0,1,0,0,0,1,0
1526,RandomKid,25.0,0.0,28.0,0.0,73.0,0.7,4,970,1,0,0,0,0,0,0,1,2,0,0,0,0
1527,RandomKid,22.0,0.0,14.0,60.0,14.0,0.4,4,970,0,0,0,0,1,0,0,0,1,0,1,0,1
1528,RandomKid,22.0,14.0,14.0,14.0,46.0,0.7,4,950,1,0,0,1,0,0,0,0,1,0,1,0,0
1529,RandomKid,21.0,0.0,0.0,40.0,46.0,1.7,3,970,1,0,1,0,0,0,0,0,0,0,1,0,0
1530,RandomKid,21.0,14.0,0.0,0.0,72.0,1.5,3,950,1,0,0,1,0,0,0,1,0,0,0,0,0
1531,RandomKid,20.0,40.0,0.0,27.0,14.0,1.4,4,950,0,0,1,1,0,0,0,0,0,1,0,0,1
1532,RandomKid,25.0,27.0,27.0,0.0,50.0,1.4,5,990,0,0,0,0,0,1,1,0,0,1,0,0,2
1533,RandomKid,26.0,14.0,27.0,27.0,37.0,0.7,5,1000,0,0,1,1,0,1,1,0,0,0,0,0,1
1534,RandomKid,21.0,26.0,46.0,0.0,14.0,0.8,3,970,0,1,0,0,0,0,0,0,0,1,0,0,1
1535,RandomKid,21.0,0.0,0.0,46.0,41.0,0.7,3,970,0,0,0,0,1,0,0,1,0,0,0,0,1
1536,RandomKid,21.0,73.0,14.0,0.0,0.0,0.4,3,1000,0,0,0,0,0,0,0,0,1,1,0,1,0
1537,RandomKid,23.0,27.0,14.0,0.0,54.0,1.1,5,940,0,0,0,0,0,0,0,1,1,1,0,0,2
1538,RandomKid,21.0,60.0,0.0,0.0,27.0,1.2,3,980,0,0,0,1,0,0,0,1,0,0,0,1,0
1539,RandomKid,27.0,14.0,53.0,28.0,14.0,0.3,6,1000,0,0,0,1,0,0,2,0,0,0,2,0,1
1540,RandomKid,29.0,0.0,67.0,0.0,50.0,0.8,5,950,0,0,0,0,0,1,2,1,1,0,0,0,0
1541,RandomKid,24.0,0.0,0.0,14.0,83.0,1.2,4,990,1,0,0,0,0,1,0,0,0,0,1,0,1
1542,RandomKid,24.0,0.0,28.0,46.0,23.0,0.8,4,1000,0,0,0,0,1,1,0,0,2,0,0,0,0
1543,RandomKid,24.0,0.0,87.0,0.0,14.0,1.5,4,920,0,1,0,0,0,0,1,0,1,0,0,0,1
1544,RandomKid,24.0,14.0,40.0,0.0,46.0,1.5,4,1000,1,0,0,1,0,0,1,0,1,0,0,0,0
1545,RandomKid,22.0,14.0,0.0,27.0,50.0,0.5,4,930,0,0,1,1,0,1,0,1,0,0,0,0,0
1546,RandomKid,24.0,0.0,73.0,27.0,0.0,0.8,3,1000,0,1,1,0,0,0,1,0,0,0,0,0,0
1547,RandomKid,18.0,28.0,0.0,46.0,0.0,1.0,3,960,0,0,0,2,1,0,0,0,0,0,0,0,0
1548,RandomKid,24.0,0.0,27.0,46.0,23.0,0.9,3,1000,0,0,0,0,1,1,1,0,0,0,0,0,0
1549,RandomKid,24.0,0.0,27.0,0.0,73.0,1.0,3,970,1,0,0,0,0,0,1,1,0,0,0,0,0
1550,RandomKid,21.0,46.0,0.0,28.0,14.0,1.0,4,970,0,0,0,0,0,0,0,0,0,0,2,1,1
1551,RandomKid,20.0,28.0,0.0,27.0,27.0,1.4,4,910,0,0,1,2,0,0,0,1,0,0,0,0,0
1552,RandomKid,27.0,0.0,68.0,41.0,0.0,1.1,6,950,0,0,1,0,0,0,1,0,3,0,1,0,0
1553,RandomKid,23.0,0.0,93.0,0.0,0.0,0.8,2,1000,0,2,0,0,0,0,0,0,0,0,0,0,0
1554,RandomKid,20.0,40.0,0.0,26.0,14.0,1.1,4,950,0,0,1,1,0,0,0,0,0,1,0,0,1
1555,RandomKid,18.0,27.0,0.0,46.0,0.0,0.9,2,950,0,0,0,0,1,0,0,0,0,1,0,0,0
1556,RandomKid,21.0,0.0,14.0,73.0,0.0,1.1,3,1000,0,0,1,0,1,0,0,0,1,0,0,0,0
1557,RandomKid,24.0,46.0,54.0,0.0,0.0,1.3,3,950,0,0,0,0,0,0,2,0,0,0,0,1,0
1558,RandomKid,25.0,26.0,14.0,14.0,46.0,0.6,5,1000,0,0,0,0,0,2,0,0,1,1,1,0,0
1559,RandomKid,24.0,46.0,53.0,0.0,0.0,1.6,3,950,0,0,0,0,0,0,2,0,0,0,0,1,0
1560,RandomKid,23.0,14.0,0.0,14.0,67.0,0.9,5,950,0,0,0,1,0,0,0,2,0,0,1,0,1
1561,RandomKid,24.0,14.0,14.0,0.0,69.0,0.9,4,1000,1,0,0,1,0,1,0,0,1,0,0,0,0
1562,RandomKid,26.0,0.0,60.0,0.0,46.0,0.5,4,1000,0,1,0,0,0,2,0,0,1,0,0,0,0
1563,RandomKid,24.0,46.0,28.0,0.0,23.0,0.9,4,950,0,0,0,0,0,1,0,0,2,0,0,1,0
1564,RandomKid,26.0,0.0,14.0,41.0,50.0,0.2,6,990,0,0,1,0,0,1,0,0,1,0,1,0,2
1565,RandomKid,23.0,27.0,27.0,28.0,14.0,0.7,5,970,0,0,0,0,0,0,1,0,0,1,2,0,1
1566,RandomKid,21.0,0.0,14.0,73.0,0.0,1.3,3,1000,0,0,1,0,1,0,0,0,1,0,0,0,0
1567,RandomKid,23.0,0.0,26.0,46.0,23.0,1.4,3,1000,0,0,0,0,1,1,1,0,0,0,0,0,0
1568,RandomKid,23.0,27.0,14.0,0.0,53.0,0.4,4,950,0,0,0,0,0,0,0,2,1,1,0,0,0
1569,RandomKid,24.0,0.0,46.0,0.0,53.0,0.9,3,1000,0,1,0,0,0,0,0,2,0,0,0,0,0
1570,RandomKid,24.0,0.0,26.0,0.0,73.0,1.1,3,970,1,0,0,0,0,0,1,1,0,0,0,0,0
1571,RandomKid,23.0,14.0,27.0,40.0,14.0,0.5,5,950,0,0,1,1,0,0,1,0,0,0,1,0,1
1572,RandomKid,24.0,14.0,28.0,28.0,28.0,0.3,7,920,0,0,0,1,0,0,0,0,2,0,2,0,2
1573,RandomKid,21.0,14.0,0.0,14.0,60.0,0.9,4,970,1,0,0,1,0,0,0,0,0,0,1,0,1
1574,RandomKid,26.0,14.0,28.0,14.0,50.0,0.3,6,980,0,0,0,1,0,1,0,1,2,0,1,0,0
1575,RandomKid,25.0,0.0,74.0,27.0,0.0,1.1,4,1000,0,1,1,0,0,0,0,0,2,0,0,0,0
1576,RandomKid,20.0,54.0,27.0,0.0,0.0,1.1,4,910,0,0,0,2,0,0,1,0,0,1,0,0,0
1577,RandomKid,23.0,27.0,40.0,14.0,14.0,0.8,5,920,0,0,0,0,0,0,1,0,1,1,1,0,1
1578,RandomKid,23.0,27.0,14.0,0.0,53.0,0.8,4,950,0,0,0,0,0,0,0,2,1,1,0,0,0
1579,RandomKid,21.0,0.0,27.0,60.0,0.0,1.4,3,950,0,0,0,0,1,0,1,0,0,0,1,0,0
1580,RandomKid,24.0,46.0,14.0,14.0,23.0,1.2,4,1000,0,0,0,0,0,1,0,0,1,0,1,1,0
1581,RandomKid,18.0,28.0,0.0,45.0,0.0,1.3,3,960,0,0,0,2,1,0,0,0,0,0,0,0,0
1582,RandomKid,21.0,46.0,0.0,26.0,14.0,1.9,3,970,0,0,1,0,0,0,0,0,0,0,0,1,1
1583,RandomKid,24.0,45.0,27.0,0.0,28.0,0.8,4,990,0,0,0,0,0,0,1,0,0,0,0,1,2
1584,RandomKid,22.0,0.0,14.0,73.0,0.0,0.6,3,1000,0,0,1,0,1,0,0,0,1,0,0,0,0
1585,RandomKid,24.0,14.0,14.0,27.0,45.0,1.7,5,980,0,0,1,1,0,2,0,0,1,0,0,0,0
1586,RandomKid,21.0,27.0,0.0,0.0,60.0,1.1,3,990,1,0,0,0,0,0,0,0,0,1,0,0,1
1587,RandomKid,24.0,0.0,0.0,14.0,83.0,0.7,4,990,1,0,0,0,0,1,0,0,0,0,1,0,1
1588,RandomKid,24.0,46.0,53.0,0.0,0.0,1.2,3,950,0,0,0,0,0,0,2,0,0,0,0,1,0
1589,RandomKid,25.0,0.0,0.0,0.0,100.0,0.0,4,950,0,0,0,0,0,1,0,3,0,0,0,0,0
1590,RandomKid,24.0,0.0,54.0,45.0,0.0,1.4,4,1000,0,0,0,0,1,0,1,0,2,0,0,0,0
1591,RandomKid,26.0,14.0,27.0,14.0,51.0,0.2,6,970,0,0,0,1,0,1,1,0,0,0,1,0,2
1592,RandomKid,24.0,0.0,73.0,0.0,27.0,1.1,3,950,0,1,0,0,0,0,1,1,0,0,0,0,0
1593,RandomKid,21.0,0.0,0.0,26.0,60.0,0.4,3,940,1,0,1,0,0,0,0,0,0,0,0,0,1
1594,RandomKid,25.0,0.0,60.0,14.0,27.0,1.0,4,1000,0,1,0,0,0,0,0,1,1,0,1,0,0
1595,RandomKid,24.0,0.0,40.0,14.0,46.0,1.2,4,970,1,0,0,0,0,0,1,0,1,0,1,0,0
1596,RandomKid,22.0,0.0,14.0,60.0,14.0,0.6,4,970,0,0,0,0,1,0,0,0,1,0,1,0,1
1597,RandomKid,24.0,14.0,60.0,0.0,23.0,0.6,4,980,0,1,0,1,0,1,0,0,1,0,0,0,0
1598,RandomKid,21.0,0.0,14.0,73.0,0.0,1.2,3,1000,0,0,1,0,1,0,0,0,1,0,0,0,0
1599,RandomKid,22.0,53.0,14.0,0.0,23.0,1.2,4,1000,0,0,0,0,0,1,0,0,1,2,0,0,0
1600,RandomKid,23.0,0.0,45.0,26.0,23.0,1.5,3,1000,0,1,1,0,0,1,0,0,0,0,0,0,0
1601,RandomKid,25.0,27.0,14.0,14.0,45.0,0.4,5,1000,0,0,0,0,0,2,0,0,1,1,1,0,0
1602,RandomKid,22.0,0.0,28.0,47.0,14.0,0.4,4,920,0,0,0,0,1,0,0,0,2,0,0,0,1
1603,RandomKid,21.0,73.0,14.0,0.0,0.0,0.8,3,1000,0,0,0,0,0,0,0,0,1,1,0,1,0
1604,RandomKid,20.0,40.0,14.0,26.0,0.0,0.1,4,930,0,0,1,1,0,0,0,0,1,1,0,0,0
1605,RandomKid,24.0,46.0,14.0,0.0,37.0,0.9,4,970,0,0,0,0,0,1,0,0,1,0,0,1,1
1606,RandomKid,21.0,0.0,14.0,59.0,14.0,1.6,4,970,0,0,0,0,1,0,0,0,1,0,1,0,1
1607,RandomKid,25.0,46.0,41.0,14.0,0.0,1.1,4,1000,0,0,0,0,0,0,1,0,1,0,1,1,0
1608,RandomKid,24.0,46.0,0.0,0.0,49.0,0.6,3,1000,0,0,0,0,0,1,0,1,0,0,0,1,0
1609,RandomKid,21.0,14.0,26.0,46.0,0.0,1.6,3,980,0,0,0,1,1,0,1,0,0,0,0,0,0
1610,RandomKid,25.0,0.0,87.0,0.0,14.0,0.3,4,920,0,1,0,0,0,0,1,0,1,0,0,0,1
1611,RandomKid,25.0,46.0,41.0,0.0,14.0,1.2,4,970,0,0,0,0,0,0,1,0,1,0,0,1,1
1612,RandomKid,27.0,14.0,67.0,0.0,27.0,0.4,5,930,0,0,0,1,0,0,2,1,1,0,0,0,0
1613,RandomKid,21.0,0.0,46.0,40.0,0.0,0.8,3,950,0,1,1,0,0,0,0,0,0,0,1,0,0
1614,RandomKid,26.0,14.0,27.0,0.0,63.0,0.8,6,950,0,0,0,1,0,1,0,1,2,0,0,0,1
1615,RandomKid,27.0,0.0,87.0,0.0,23.0,0.4,4,1000,0,1,0,0,0,1,1,0,1,0,0,0,0
1616,RandomKid,25.0,0.0,27.0,14.0,60.0,0.3,4,990,1,0,0,0,0,0,1,0,0,0,1,0,1
1617,RandomKid,21.0,0.0,46.0,40.0,0.0,1.2,3,950,0,1,1,0,0,0,0,0,0,0,1,0,0
1618,RandomKid,24.0,0.0,27.0,14.0,60.0,1.2,4,990,1,0,0,0,0,0,1,0,0,0,1,0,1
1619,RandomKid,22.0,60.0,0.0,14.0,14.0,0.4,4,1000,0,0,0,1,0,0,0,0,0,0,1,1,1
1620,RandomKid,27.0,14.0,42.0,14.0,41.0,0.8,7,1000,0,0,0,1,0,0,0,1,3,0,1,0,1
1621,RandomKid,21.0,46.0,0.0,41.0,0.0,0.8,3,1000,0,0,1,0,0,0,0,0,0,0,1,1,0
1622,RandomKid,23.0,27.0,41.0,28.0,0.0,0.6,5,950,0,0,0,0,0,0,1,0,1,1,2,0,0
1623,RandomKid,23.0,53.0,41.0,0.0,0.0,0.4,4,1000,0,0,0,0,0,0,1,0,1,2,0,0,0
1624,RandomKid,20.0,41.0,0.0,27.0,14.0,0.5,4,950,0,0,1,1,0,0,0,0,0,1,0,0,1
1625,RandomKid,23.0,0.0,26.0,46.0,23.0,1.2,3,1000,0,0,0,0,1,1,1,0,0,0,0,0,0
1626,RandomKid,21.0,73.0,14.0,0.0,0.0,0.7,3,1000,0,0,0,0,0,0,0,0,1,1,0,1,0
1627,RandomKid,24.0,0.0,0.0,0.0,96.0,0.3,3,970,1,0,0,0,0,1,0,1,0,0,0,0,0
1628,RandomKid,25.0,27.0,40.0,0.0,37.0,1.0,5,970,0,0,0,0,0,1,1,0,1,1,0,0,1
1629,RandomKid,22.0,0.0,14.0,60.0,14.0,0.4,4,970,0,0,0,0,1,0,0,0,1,0,1,0,1
1630,RandomKid,27.0,0.0,88.0,0.0,23.0,1.0,5,1000,0,1,0,0,0,1,0,0,3,0,0,0,0
1631,RandomKid,22.0,0.0,0.0,46.0,45.0,1.2,3,1000,0,0,0,0,1,2,0,0,0,0,0,0,0
1632,RandomKid,26.0,0.0,53.0,27.0,27.0,1.2,4,950,0,0,1,0,0,0,2,1,0,0,0,0,0
1633,RandomKid,22.0,28.0,0.0,14.0,49.0,1.1,5,960,0,0,0,2,0,1,0,1,0,0,1,0,0
1634,RandomKid,25.0,14.0,41.0,0.0,47.0,0.6,4,1000,1,0,0,1,0,0,1,0,1,0,0,0,0
1635,RandomKid,26.0,14.0,0.0,0.0,90.0,0.8,5,1000,0,0,0,1,0,1,0,2,0,0,0,0,1
1636,RandomKid,24.0,0.0,46.0,27.0,23.0,0.9,3,1000,0,1,1,0,0,1,0,0,0,0,0,0,0
1637,RandomKid,24.0,0.0,53.0,0.0,45.0,1.3,3,920,1,0,0,0,0,0,2,0,0,0,0,0,0
1638,RandomKid,24.0,0.0,60.0,0.0,36.0,1.1,4,920,0,1,0,0,0,1,0,0,1,0,0,0,1
1639,RandomKid,22.0,27.0,14.0,0.0,46.0,0.3,3,970,1,0,0,0,0,0,0,0,1,1,0,0,0
1640,RandomKid,22.0,14.0,14.0,14.0,46.0,0.4,4,950,1,0,0,1,0,0,0,0,1,0,1,0,0
1641,RandomKid,21.0,60.0,14.0,14.0,0.0,1.5,4,980,0,0,0,1,0,0,0,0,1,0,1,1,0
1642,RandomKid,20.0,28.0,0.0,53.0,0.0,0.8,4,960,0,0,2,2,0,0,0,0,0,0,0,0,0
1643,RandomKid,21.0,14.0,0.0,14.0,60.0,1.3,4,970,1,0,0,1,0,0,0,0,0,0,1,0,1
1644,RandomKid,22.0,0.0,0.0,67.0,23.0,0.3,4,950,0,0,2,0,0,1,0,0,0,0,1,0,0
1645,RandomKid,21.0,27.0,14.0,0.0,46.0,0.8,3,970,1,0,0,0,0,0,0,0,1,1,0,0,0
1646,RandomKid,21.0,0.0,27.0,60.0,0.0,0.9,3,950,0,0,0,0,1,0,1,0,0,0,1,0,0
1647,RandomKid,21.0,0.0,0.0,60.0,27.0,1.1,3,1000,0,0,0,0,1,0,0,1,0,0,1,0,0
1648,RandomKid,20.0,0.0,0.0,60.0,23.0,1.3,3,950,0,0,0,0,1,1,0,0,0,0,1,0,0
1649,RandomKid,22.0,47.0,0.0,0.0,40.0,0.4,3,920,0,0,0,0,0,0,0,1,0,0,0,1,1
1650,RandomKid,21.0,60.0,0.0,14.0,14.0,1.2,4,1000,0,0,0,1,0,0,0,0,0,0,1,1,1
1651,RandomKid,23.0,0.0,27.0,46.0,23.0,1.7,4,1000,0,0,0,0,1,1,0,0,2,0,0,0,0
1652,RandomKid,25.0,27.0,14.0,0.0,59.0,0.4,5,970,0,0,0,0,0,2,0,0,1,1,0,0,1
1653,RandomKid,23.0,40.0,40.0,14.0,0.0,0.2,5,980,0,0,0,1,0,0,1,0,1,1,1,0,0
1654,RandomKid,20.0,14.0,0.0,46.0,23.0,1.5,3,980,0,0,0,1,1,1,0,0,0,0,0,0,0
1655,RandomKid,25.0,0.0,73.0,27.0,0.0,0.4,3,1000,0,1,1,0,0,0,1,0,0,0,0,0,0
1656,RandomKid,23.0,14.0,0.0,0.0,80.0,0.9,4,930,0,0,0,1,0,0,0,3,0,0,0,0,0
1657,RandomKid,24.0,14.0,86.0,0.0,0.0,1.4,4,980,0,1,0,1,0,0,1,0,1,0,0,0,0
1658,RandomKid,24.0,0.0,46.0,0.0,50.0,0.8,3,950,0,1,0,0,0,1,0,1,0,0,0,0,0
1659,RandomKid,25.0,0.0,88.0,14.0,0.0,1.2,5,950,0,1,0,0,0,0,0,0,3,0,1,0,0
1660,RandomKid,20.0,0.0,0.0,60.0,23.0,1.2,3,950,0,0,0,0,1,1,0,0,0,0,1,0,0
1661,RandomKid,20.0,54.0,0.0,27.0,0.0,0.2,3,1000,0,0,1,0,0,0,0,0,0,2,0,0,0
1662,RandomKid,21.0,0.0,0.0,40.0,46.0,1.1,3,970,1,0,1,0,0,0,0,0,0,0,1,0,0
1663,RandomKid,27.0,14.0,42.0,14.0,41.0,0.5,8,990,0,0,0,1,0,0,0,0,3,0,1,0,3
1664,RandomKid,20.0,40.0,14.0,27.0,0.0,0.9,4,930,0,0,1,1,0,0,0,0,1,1,0,0,0
1665,RandomKid,24.0,0.0,27.0,0.0,72.0,1.6,3,970,1,0,0,0,0,0,1,1,0,0,0,0,0
1666,RandomKid,27.0,27.0,68.0,0.0,14.0,0.6,6,970,0,0,0,0,0,0,1,0,3,1,0,0,1
1667,RandomKid,28.0,0.0,41.0,26.0,46.0,0.7,5,1000,0,0,1,0,0,2,1,0,1,0,0,0,0
1668,RandomKid,23.0,41.0,28.0,0.0,23.0,0.5,5,930,0,0,0,1,0,1,0,0,2,1,0,0,0
1669,RandomKid,21.0,0.0,0.0,46.0,41.0,1.7,3,970,0,0,0,0,1,0,0,1,0,0,0,0,1
1670,RandomKid,21.0,45.0,0.0,27.0,14.0,1.5,3,970,0,0,1,0,0,0,0,0,0,0,0,1,1
1671,RandomKid,27.0,0.0,53.0,41.0,14.0,0.3,5,970,0,0,1,0,0,0,2,0,0,0,1,0,1
1672,RandomKid,21.0,60.0,0.0,0.0,26.0,1.0,3,980,0,0,0,1,0,0,0,1,0,0,0,1,0
1673,RandomKid,21.0,0.0,0.0,27.0,60.0,1.7,3,940,1,0,1,0,0,0,0,0,0,0,0,0,1
1674,RandomKid,25.0,0.0,41.0,0.0,60.0,0.7,4,940,1,0,0,0,0,0,1,0,1,0,0,0,1
1675,RandomKid,22.0,73.0,14.0,0.0,0.0,0.3,3,1000,0,0,0,0,0,0,0,0,1,1,0,1,0
1676,RandomKid,23.0,0.0,27.0,0.0,69.0,2.1,3,920,1,0,0,0,0,1,1,0,0,0,0,0,0
1677,RandomKid,26.0,0.0,27.0,14.0,68.0,1.6,5,950,0,0,0,0,0,3,1,0,0,0,1,0,0
1678,RandomKid,23.0,54.0,41.0,0.0,0.0,0.4,4,1000,0,0,0,0,0,0,1,0,1,2,0,0,0
1679,RandomKid,22.0,46.0,0.0,27.0,14.0,0.4,3,970,0,0,1,0,0,0,0,0,0,0,0,1,1
1680,RandomKid,23.0,45.0,0.0,0.0,50.0,1.8,4,990,0,0,0,0,0,1,0,0,0,0,0,1,2
1681,RandomKid,21.0,0.0,0.0,27.0,60.0,1.3,3,940,1,0,1,0,0,0,0,0,0,0,0,0,1
1682,RandomKid,21.0,27.0,46.0,14.0,0.0,0.8,3,1000,0,1,0,0,0,0,0,0,0,1,1,0,0
1683,RandomKid,21.0,14.0,46.0,0.0,27.0,0.5,3,930,0,1,0,1,0,0,0,1,0,0,0,0,0
1684,RandomKid,21.0,0.0,0.0,41.0,46.0,1.8,4,970,1,0,0,0,0,0,0,0,0,0,3,0,0
1685,RandomKid,27.0,14.0,41.0,0.0,54.0,0.8,6,970,0,0,0,1,0,0,1,1,1,0,0,0,2
1686,RandomKid,26.0,0.0,28.0,54.0,23.0,0.9,6,1000,0,0,1,0,0,1,0,0,2,0,2,0,0
1687,RandomKid,20.0,14.0,0.0,46.0,23.0,0.9,3,980,0,0,0,1,1,1,0,0,0,0,0,0,0
1688,RandomKid,22.0,46.0,14.0,26.0,0.0,0.3,3,950,0,0,1,0,0,0,0,0,1,0,0,1,0
1689,RandomKid,24.0,0.0,27.0,46.0,23.0,0.4,3,1000,0,0,0,0,1,1,1,0,0,0,0,0,0
1690,RandomKid,17.0,27.0,0.0,46.0,0.0,1.8,2,950,0,0,0,0,1,0,0,0,0,1,0,0,0
1691,RandomKid,18.0,27.0,0.0,46.0,0.0,0.8,2,950,0,0,0,0,1,0,0,0,0,1,0,0,0
1692,RandomKid,18.0,28.0,0.0,46.0,0.0,0.9,3,960,0,0,0,2,1,0,0,0,0,0,0,0,0
1693,RandomKid,26.0,0.0,27.0,54.0,23.0,0.4,5,1000,0,0,1,0,0,1,1,0,0,0,2,0,0
1694,RandomKid,20.0,40.0,0.0,26.0,14.0,1.0,4,950,0,0,1,1,0,0,0,0,0,1,0,0,1
1695,RandomKid,27.0,28.0,67.0,0.0,14.0,0.3,6,980,0,0,0,2,0,0,2,0,1,0,0,0,1
1696,RandomKid,21.0,0.0,0.0,46.0,37.0,0.6,3,920,0,0,0,0,1,1,0,0,0,0,0,0,1
1697,RandomKid,21.0,46.0,14.0,14.0,13.0,0.6,4,920,0,0,0,0,0,0,0,0,1,0,1,1,1
1698,RandomKid,22.0,0.0,0.0,27.0,60.0,0.3,3,940,1,0,1,0,0,0,0,0,0,0,0,0,1
1699,RandomKid,25.0,0.0,40.0,14.0,46.0,0.3,4,970,1,0,0,0,0,0,1,0,1,0,1,0,0
1700,RandomKid,26.0,0.0,26.0,0.0,80.0,1.0,5,940,0,0,0,0,0,0,1,2,0,0,0,0,2
1701,RandomKid,24.0,46.0,40.0,14.0,0.0,1.2,4,1000,0,0,0,0,0,0,1,0,1,0,1,1,0
1702,RandomKid,27.0,0.0,41.0,27.0,40.0,0.5,5,970,0,0,1,0,0,0,1,1,1,0,0,0,1
1703,RandomKid,25.0,0.0,14.0,0.0,87.0,0.9,4,990,1,0,0,0,0,0,0,1,1,0,0,0,1
1704,RandomKid,23.0,0.0,14.0,14.0,69.0,1.3,4,970,1,0,0,0,0,1,0,0,1,0,1,0,0
1705,RandomKid,24.0,0.0,46.0,14.0,36.0,0.8,4,970,0,1,0,0,0,1,0,0,0,0,1,0,1
1706,RandomKid,25.0,0.0,40.0,0.0,60.0,1.0,4,940,1,0,0,0,0,0,1,0,1,0,0,0,1
1707,RandomKid,24.0,0.0,46.0,0.0,53.0,1.2,3,1000,0,1,0,0,0,0,0,2,0,0,0,0,0
1708,RandomKid,25.0,14.0,87.0,0.0,0.0,0.5,4,980,0,1,0,1,0,0,1,0,1,0,0,0,0
1709,RandomKid,22.0,0.0,14.0,73.0,0.0,0.4,3,1000,0,0,1,0,1,0,0,0,1,0,0,0,0
1710,RandomKid,23.0,40.0,41.0,0.0,14.0,0.9,6,950,0,0,0,1,0,0,0,0,3,1,0,0,1
1711,RandomKid,23.0,0.0,27.0,53.0,14.0,0.8,4,920,0,0,2,0,0,0,1,0,0,0,0,0,1
1712,RandomKid,21.0,14.0,0.0,28.0,47.0,1.0,4,1000,1,0,0,1,0,0,0,0,0,0,2,0,0
1713,RandomKid,21.0,14.0,28.0,46.0,0.0,1.1,4,980,0,0,0,1,1,0,0,0,2,0,0,0,0
1714,RandomKid,20.0,60.0,0.0,0.0,23.0,0.7,3,930,0,0,0,1,0,1,0,0,0,0,0,1,0
1715,RandomKid,23.0,0.0,28.0,46.0,23.0,1.4,4,1000,0,0,0,0,1,1,0,0,2,0,0,0,0
1716,RandomKid,21.0,60.0,14.0,14.0,0.0,1.0,4,980,0,0,0,1,0,0,0,0,1,0,1,1,0
1717,RandomKid,23.0,0.0,60.0,0.0,36.0,1.0,4,920,0,1,0,0,0,1,0,0,1,0,0,0,1
1718,RandomKid,25.0,46.0,42.0,14.0,0.0,1.0,5,1000,0,0,0,0,0,0,0,0,3,0,1,1,0
1719,RandomKid,25.0,27.0,14.0,0.0,60.0,0.3,5,970,0,0,0,0,0,2,0,0,1,1,0,0,1
1720,RandomKid,27.0,14.0,54.0,27.0,14.0,0.9,6,1000,0,0,1,1,0,0,1,0,2,0,0,0,1
1721,RandomKid,23.0,46.0,27.0,0.0,23.0,2.1,3,950,0,0,0,0,0,1,1,0,0,0,0,1,0
1722,RandomKid,23.0,0.0,92.0,0.0,0.0,0.4,2,1000,0,2,0,0,0,0,0,0,0,0,0,0,0
1723,RandomKid,27.0,0.0,40.0,14.0,53.0,0.8,5,950,0,0,0,0,0,0,1,2,1,0,1,0,0
1724,RandomKid,25.0,0.0,73.0,28.0,0.0,0.9,4,1000,0,1,0,0,0,0,1,0,0,0,2,0,0
1725,RandomKid,21.0,14.0,0.0,0.0,73.0,1.6,3,950,1,0,0,1,0,0,0,1,0,0,0,0,0
1726,RandomKid,24.0,27.0,41.0,14.0,14.0,0.7,6,930,0,0,0,2,0,0,1,0,1,0,1,0,1
1727,RandomKid,23.0,0.0,14.0,0.0,83.0,1.5,4,940,1,0,0,0,0,1,0,0,1,0,0,0,1
1728,RandomKid,27.0,0.0,53.0,28.0,28.0,1.0,6,940,0,0,0,0,0,0,2,0,0,0,2,0,2
1729,RandomKid,21.0,0.0,14.0,27.0,46.0,1.0,3,920,1,0,1,0,0,0,0,0,1,0,0,0,0
1730,RandomKid,24.0,14.0,14.0,28.0,41.0,0.8,6,950,0,0,0,1,0,0,0,1,1,0,2,0,1
1731,RandomKid,21.0,14.0,14.0,46.0,14.0,1.0,4,1000,0,0,0,1,1,0,0,0,1,0,0,0,1
1732,RandomKid,22.0,0.0,14.0,53.0,27.0,1.8,4,950,0,0,2,0,0,0,0,1,1,0,0,0,0
1733,RandomKid,21.0,27.0,46.0,14.0,0.0,1.3,3,1000,0,1,0,0,0,0,0,0,0,1,1,0,0
1734,RandomKid,20.0,27.0,0.0,53.0,0.0,0.7,3,950,0,0,2,0,0,0,0,0,0,1,0,0,0
1735,RandomKid,21.0,27.0,46.0,14.0,0.0,1.5,3,1000,0,1,0,0,0,0,0,0,0,1,1,0,0
1736,RandomKid,25.0,14.0,27.0,26.0,37.0,1.6,5,1000,0,0,1,1,0,1,1,0,0,0,0,0,1
1737,RandomKid,21.0,60.0,0.0,0.0,27.0,0.5,3,980,0,0,0,1,0,0,0,1,0,0,0,1,0
1738,RandomKid,25.0,0.0,46.0,0.0,54.0,0.8,4,990,0,1,0,0,0,0,0,1,0,0,0,0,2
1739,RandomKid,22.0,60.0,0.0,14.0,14.0,0.6,4,1000,0,0,0,1,0,0,0,0,0,0,1,1,1
1740,RandomKid,24.0,46.0,27.0,0.0,23.0,0.4,4,950,0,0,0,0,0,1,0,0,2,0,0,1,0
1741,RandomKid,25.0,0.0,41.0,0.0,60.0,1.1,5,940,1,0,0,0,0,0,0,0,3,0,0,0,1
1742,RandomKid,24.0,46.0,14.0,14.0,23.0,1.3,4,1000,0,0,0,0,0,1,0,0,1,0,1,1,0
1743,RandomKid,26.0,0.0,53.0,27.0,26.0,1.6,5,950,0,0,0,0,0,0,2,1,0,0,2,0,0
1744,RandomKid,26.0,0.0,27.0,27.0,50.0,0.4,4,950,0,0,1,0,0,1,1,1,0,0,0,0,0
1745,RandomKid,24.0,0.0,72.0,0.0,27.0,0.6,3,950,0,1,0,0,0,0,1,1,0,0,0,0,0
1746,RandomKid,26.0,14.0,14.0,0.0,76.0,0.7,5,980,0,0,0,1,0,1,0,2,1,0,0,0,0
1747,RandomKid,25.0,0.0,74.0,27.0,0.0,0.5,4,1000,0,1,1,0,0,0,0,0,2,0,0,0,0
1748,RandomKid,25.0,0.0,41.0,0.0,60.0,0.3,4,940,1,0,0,0,0,0,1,0,1,0,0,0,1
1749,RandomKid,23.0,0.0,60.0,14.0,23.0,1.2,4,950,0,1,0,0,0,1,0,0,1,0,1,0,0
1750,RandomKid,25.0,14.0,41.0,0.0,46.0,0.8,4,1000,1,0,0,1,0,0,1,0,1,0,0,0,0
1751,RandomKid,24.0,0.0,60.0,14.0,26.0,1.1,4,1000,0,1,0,0,0,0,0,1,1,0,1,0,0
1752,RandomKid,20.0,60.0,0.0,0.0,23.0,1.0,3,930,0,0,0,1,0,1,0,0,0,0,0,1,0
1753,RandomKid,29.0,0.0,54.0,14.0,51.0,0.5,7,990,0,0,0,0,0,1,1,0,2,0,1,0,2
1754,RandomKid,21.0,27.0,46.0,14.0,0.0,1.0,3,1000,0,1,0,0,0,0,0,0,0,1,1,0,0
1755,RandomKid,26.0,14.0,28.0,27.0,37.0,0.4,6,1000,0,0,1,1,0,1,0,0,2,0,0,0,1
1756,RandomKid,25.0,27.0,14.0,0.0,60.0,0.9,5,970,0,0,0,0,0,2,0,0,1,1,0,0,1
1757,RandomKid,18.0,27.0,0.0,46.0,0.0,0.5,2,950,0,0,0,0,1,0,0,0,0,1,0,0,0
1758,RandomKid,26.0,27.0,28.0,0.0,50.0,0.8,5,1000,0,0,0,0,0,1,0,1,2,1,0,0,0
1759,RandomKid,21.0,0.0,14.0,72.0,0.0,1.1,3,1000,0,0,1,0,1,0,0,0,1,0,0,0,0
1760,RandomKid,25.0,46.0,41.0,14.0,0.0,0.8,4,1000,0,0,0,0,0,0,1,0,1,0,1,1,0
1761,RandomKid,21.0,27.0,0.0,0.0,60.0,0.7,3,990,1,0,0,0,0,0,0,0,0,1,0,0,1
1762,RandomKid,24.0,0.0,60.0,0.0,37.0,0.5,4,920,0,1,0,0,0,1,0,0,1,0,0,0,1
1763,RandomKid,26.0,27.0,28.0,0.0,50.0,0.6,6,990,0,0,0,0,0,1,0,0,2,1,0,0,2
1764,RandomKid,25.0,0.0,74.0,27.0,0.0,0.8,4,1000,0,1,1,0,0,0,0,0,2,0,0,0,0
1765,RandomKid,26.0,26.0,40.0,14.0,23.0,0.5,5,1000,0,0,0,0,0,1,1,0,1,1,1,0,0
1766,RandomKid,25.0,0.0,100.0,0.0,0.0,0.0,5,1000,0,1,0,0,0,0,1,0,3,0,0,0,0
1767,RandomKid,21.0,0.0,0.0,46.0,41.0,1.1,3,970,0,0,0,0,1,0,0,1,0,0,0,0,1
1768,RandomKid,23.0,28.0,14.0,28.0,23.0,0.5,6,960,0,0,0,2,0,1,0,0,1,0,2,0,0
1769,RandomKid,25.0,0.0,14.0,41.0,49.0,0.7,5,1000,0,0,1,0,0,1,0,1,1,0,1,0,0
1770,RandomKid,25.0,0.0,73.0,14.0,14.0,0.8,4,970,0,1,0,0,0,0,1,0,0,0,1,0,1
1771,RandomKid,25.0,0.0,53.0,0.0,47.0,0.6,3,920,1,0,0,0,0,0,2,0,0,0,0,0,0
1772,RandomKid,26.0,0.0,28.0,41.0,37.0,0.9,6,970,0,0,1,0,0,1,0,0,2,0,1,0,1
1773,RandomKid,25.0,0.0,73.0,28.0,0.0,0.6,4,1000,0,1,0,0,0,0,1,0,0,0,2,0,0
1774,RandomKid,21.0,55.0,0.0,14.0,14.0,0.2,5,980,0,0,0,2,0,0,0,0,0,1,1,0,1
1775,RandomKid,23.0,14.0,0.0,26.0,54.0,0.7,4,980,0,0,1,1,0,0,0,2,0,0,0,0,0
1776,RandomKid,23.0,14.0,0.0,54.0,23.0,0.3,5,980,0,0,1,1,0,1,0,0,0,0,2,0,0
1777,RandomKid,22.0,41.0,0.0,14.0,37.0,1.3,5,1000,0,0,0,1,0,1,0,0,0,1,1,0,1
1778,RandomKid,21.0,0.0,0.0,46.0,40.0,1.4,3,970,0,0,0,0,1,0,0,1,0,0,0,0,1
1779,RandomKid,21.0,73.0,14.0,0.0,0.0,1.1,3,1000,0,0,0,0,0,0,0,0,1,1,0,1,0
1780,RandomKid,22.0,0.0,27.0,60.0,0.0,0.2,3,950,0,0,0,0,1,0,1,0,0,0,1,0,0
1781,RandomKid,24.0,46.0,26.0,0.0,26.0,1.6,3,1000,0,0,0,0,0,0,1,1,0,0,0,1,0
1782,RandomKid,21.0,0.0,0.0,60.0,28.0,1.0,4,990,0,0,0,0,1,0,0,0,0,0,1,0,2
1783,RandomKid,26.0,0.0,53.0,27.0,27.0,1.6,4,950,0,0,1,0,0,0,2,1,0,0,0,0,0
1784,RandomKid,27.0,14.0,54.0,14.0,28.0,1.1,7,970,0,0,0,1,0,0,1,0,2,0,1,0,2
1785,RandomKid,25.0,0.0,54.0,46.0,0.0,0.6,4,1000,0,0,0,0,1,0,1,0,2,0,0,0,0
1786,RandomKid,20.0,53.0,0.0,27.0,0.0,0.6,3,1000,0,0,1,0,0,0,0,0,0,2,0,0,0
1787,RandomKid,23.0,14.0,28.0,26.0,27.0,1.1,5,930,0,0,1,1,0,0,0,1,2,0,0,0,0
1788,RandomKid,25.0,14.0,26.0,14.0,46.0,0.6,5,930,0,0,0,1,0,2,1,0,0,0,1,0,0
1789,RandomKid,27.0,14.0,41.0,14.0,40.0,0.4,6,1000,0,0,0,1,0,0,1,1,1,0,1,0,1
1790,RandomKid,24.0,0.0,14.0,0.0,87.0,1.3,4,990,1,0,0,0,0,0,0,1,1,0,0,0,1
1791,RandomKid,25.0,0.0,73.0,0.0,28.0,0.6,4,940,0,1,0,0,0,0,1,0,0,0,0,0,2
1792,RandomKid,23.0,26.0,14.0,28.0,26.0,0.7,5,1000,0,0,0,0,0,0,0,1,1,1,2,0,0
1793,RandomKid,24.0,0.0,73.0,27.0,0.0,1.6,4,1000,0,1,1,0,0,0,0,0,2,0,0,0,0
1794,RandomKid,25.0,0.0,14.0,0.0,87.0,0.2,4,990,1,0,0,0,0,0,0,1,1,0,0,0,1
1795,RandomKid,22.0,46.0,0.0,28.0,14.0,0.7,4,970,0,0,0,0,0,0,0,0,0,0,2,1,1
1796,RandomKid,25.0,14.0,74.0,0.0,14.0,1.2,5,1000,0,1,0,1,0,0,0,0,2,0,0,0,1
1797,RandomKid,22.0,60.0,0.0,14.0,14.0,0.8,4,1000,0,0,0,1,0,0,0,0,0,0,1,1,1
1798,RandomKid,18.0,14.0,0.0,60.0,0.0,1.1,3,930,0,0,0,1,1,0,0,0,0,0,1,0,0
1799,RandomKid,21.0,0.0,45.0,40.0,0.0,1.5,3,950,0,1,1,0,0,0,0,0,0,0,1,0,0
1800,RandomKid,25.0,26.0,26.0,0.0,49.0,1.6,4,1000,0,0,0,0,0,1,1,1,0,1,0,0,0
1801,RandomKid,23.0,27.0,14.0,0.0,54.0,0.3,4,950,0,0,0,0,0,0,0,2,1,1,0,0,0
1802,RandomKid,25.0,0.0,60.0,14.0,27.0,0.2,4,1000,0,1,0,0,0,0,0,1,1,0,1,0,0
1803,RandomKid,21.0,0.0,14.0,72.0,0.0,1.6,3,1000,0,0,1,0,1,0,0,0,1,0,0,0,0
1804,RandomKid,22.0,73.0,14.0,0.0,0.0,0.5,3,1000,0,0,0,0,0,0,0,0,1,1,0,1,0
1805,RandomKid,18.0,14.0,0.0,60.0,0.0,1.4,3,930,0,0,0,1,1,0,0,0,0,0,1,0,0
1806,RandomKid,21.0,14.0,46.0,27.0,0.0,0.9,3,980,0,1,1,1,0,0,0,0,0,0,0,0,0
1807,RandomKid,23.0,0.0,27.0,53.0,14.0,1.0,4,920,0,0,2,0,0,0,1,0,0,0,0,0,1
1808,RandomKid,21.0,0.0,14.0,46.0,28.0,1.2,4,940,0,0,0,0,1,0,0,0,1,0,0,0,2
1809,RandomKid,22.0,27.0,14.0,14.0,36.0,0.7,5,920,0,0,0,0,0,1,0,0,1,1,1,0,1
1810,RandomKid,25.0,0.0,60.0,0.0,40.0,0.7,4,970,0,1,0,0,0,0,0,1,1,0,0,0,1
1811,RandomKid,23.0,27.0,26.0,28.0,14.0,1.1,5,970,0,0,0,0,0,0,1,0,0,1,2,0,1
1812,RandomKid,26.0,14.0,41.0,0.0,51.0,0.3,6,920,0,0,0,1,0,1,1,0,1,0,0,0,2
1813,RandomKid,24.0,0.0,14.0,0.0,86.0,1.4,4,990,1,0,0,0,0,0,0,1,1,0,0,0,1
1814,RandomKid,24.0,0.0,46.0,28.0,23.0,0.4,4,1000,0,1,0,0,0,1,0,0,0,0,2,0,0
1815,RandomKid,21.0,27.0,46.0,0.0,14.0,1.3,3,970,0,1,0,0,0,0,0,0,0,1,0,0,1
1816,RandomKid,21.0,72.0,14.0,0.0,0.0,1.3,3,1000,0,0,0,0,0,0,0,0,1,1,0,1,0
1817,RandomKid,21.0,14.0,0.0,0.0,73.0,1.2,3,950,1,0,0,1,0,0,0,1,0,0,0,0,0
1818,RandomKid,24.0,0.0,46.0,28.0,22.0,0.8,4,1000,0,1,0,0,0,1,0,0,0,0,2,0,0
1819,RandomKid,22.0,40.0,0.0,14.0,36.0,0.8,5,1000,0,0,0,1,0,1,0,0,0,1,1,0,1
1820,RandomKid,23.0,27.0,14.0,26.0,27.0,0.3,4,1000,0,0,1,0,0,0,0,1,1,1,0,0,0
1821,RandomKid,26.0,14.0,27.0,28.0,37.0,0.3,6,1000,0,0,0,1,0,1,1,0,0,0,2,0,1
1822,RandomKid,25.0,14.0,14.0,27.0,46.0,0.5,5,980,0,0,1,1,0,2,0,0,1,0,0,0,0
1823,RandomKid,23.0,40.0,41.0,14.0,0.0,0.7,6,980,0,0,0,1,0,0,0,0,3,1,1,0,0
1824,RandomKid,23.0,14.0,0.0,40.0,40.0,0.6,5,1000,0,0,1,1,0,0,0,1,0,0,1,0,1
1825,RandomKid,25.0,0.0,74.0,27.0,0.0,1.0,4,1000,0,1,1,0,0,0,0,0,2,0,0,0,0
1826,RandomKid,18.0,28.0,0.0,46.0,0.0,1.0,3,960,0,0,0,2,1,0,0,0,0,0,0,0,0
1827,RandomKid,24.0,46.0,14.0,14.0,23.0,0.8,4,1000,0,0,0,0,0,1,0,0,1,0,1,1,0
1828,RandomKid,21.0,27.0,0.0,0.0,60.0,1.6,3,990,1,0,0,0,0,0,0,0,0,1,0,0,1
1829,RandomKid,24.0,0.0,60.0,0.0,40.0,1.5,4,970,0,1,0,0,0,0,0,1,1,0,0,0,1
1830,RandomKid,25.0,0.0,73.0,0.0,27.0,0.6,3,950,0,1,0,0,0,0,1,1,0,0,0,0,0
1831,RandomKid,27.0,27.0,54.0,0.0,27.0,0.9,5,1000,0,0,0,0,0,0,1,1,2,1,0,0,0
1832,RandomKid,25.0,14.0,0.0,0.0,86.0,0.4,5,950,0,0,0,1,0,2,0,1,0,0,0,0,1
1833,RandomKid,28.0,0.0,40.0,0.0,73.0,0.8,6,940,0,0,0,0,0,2,1,0,1,0,0,0,2
1834,RandomKid,25.0,0.0,60.0,0.0,40.0,0.4,4,970,0,1,0,0,0,0,0,1,1,0,0,0,1
1835,RandomKid,27.0,27.0,81.0,0.0,0.0,0.4,5,950,0,0,0,0,0,0,2,0,2,1,0,0,0
1836,RandomKid,26.0,0.0,0.0,27.0,77.0,0.2,5,990,0,0,1,0,0,1,0,1,0,0,0,0,2
1837,RandomKid,25.0,0.0,74.0,27.0,0.0,1.2,5,1000,0,1,0,0,0,0,0,0,2,0,2,0,0
1838,RandomKid,21.0,27.0,0.0,0.0,60.0,0.9,3,990,1,0,0,0,0,0,0,0,0,1,0,0,1
1839,RandomKid,27.0,0.0,14.0,14.0,81.0,0.3,6,990,0,0,0,0,0,0,0,2,1,0,1,0,2
1840,RandomKid,23.0,0.0,0.0,0.0,95.0,1.3,3,970,1,0,0,0,0,1,0,1,0,0,0,0,0
1841,RandomKid,23.0,27.0,0.0,28.0,37.0,0.3,5,970,0,0,0,0,0,1,0,0,0,1,2,0,1
1842,RandomKid,22.0,60.0,0.0,0.0,27.0,0.1,3,980,0,0,0,1,0,0,0,1,0,0,0,1,0
1843,RandomKid,21.0,0.0,46.0,40.0,0.0,0.9,3,950,0,1,1,0,0,0,0,0,0,0,1,0,0
1844,RandomKid,20.0,40.0,0.0,27.0,14.0,0.3,4,950,0,0,1,1,0,0,0,0,0,1,0,0,1
1845,RandomKid,23.0,0.0,14.0,80.0,0.0,1.4,4,1000,0,0,3,0,0,0,0,0,1,0,0,0,0
1846,RandomKid,21.0,27.0,14.0,0.0,46.0,0.8,3,970,1,0,0,0,0,0,0,0,1,1,0,0,0
1847,RandomKid,21.0,72.0,14.0,0.0,0.0,2.0,3,1000,0,0,0,0,0,0,0,0,1,1,0,1,0
1848,RandomKid,25.0,14.0,27.0,0.0,63.0,0.9,5,950,0,0,0,1,0,1,1,1,0,0,0,0,1
1849,RandomKid,20.0,0.0,0.0,46.0,37.0,0.9,3,920,0,0,0,0,1,1,0,0,0,0,0,0,1
1850,RandomKid,21.0,46.0,14.0,28.0,0.0,1.0,4,950,0,0,0,0,0,0,0,0,1,0,2,1,0
1851,RandomKid,24.0,0.0,14.0,0.0,86.0,1.5,4,990,1,0,0,0,0,0,0,1,1,0,0,0,1
1852,RandomKid,26.0,14.0,41.0,14.0,37.0,0.5,6,950,0,0,0,1,0,1,1,0,1,0,1,0,1
1853,RandomKid,24.0,46.0,14.0,14.0,23.0,0.7,4,1000,0,0,0,0,0,1,0,0,1,0,1,1,0
1854,RandomKid,25.0,46.0,28.0,0.0,27.0,0.9,4,1000,0,0,0,0,0,0,0,1,2,0,0,1,0
1855,RandomKid,29.0,14.0,82.0,0.0,23.0,0.8,7,980,0,0,0,1,0,1,1,0,4,0,0,0,0
1856,RandomKid,26.0,0.0,41.0,40.0,27.0,1.4,5,1000,0,0,1,0,0,0,1,1,1,0,1,0,0
1857,RandomKid,23.0,0.0,92.0,0.0,0.0,1.0,2,1000,0,2,0,0,0,0,0,0,0,0,0,0,0
1858,RandomKid,21.0,14.0,46.0,0.0,26.0,0.7,3,930,0,1,0,1,0,0,0,1,0,0,0,0,0
1859,RandomKid,25.0,0.0,27.0,26.0,50.0,1.1,4,950,0,0,1,0,0,1,1,1,0,0,0,0,0
1860,RandomKid,22.0,14.0,47.0,28.0,0.0,0.2,4,980,0,1,0,1,0,0,0,0,0,0,2,0,0
1861,RandomKid,25.0,0.0,40.0,0.0,60.0,0.5,4,940,1,0,0,0,0,0,1,0,1,0,0,0,1
1862,RandomKid,22.0,73.0,14.0,0.0,0.0,0.2,3,1000,0,0,0,0,0,0,0,0,1,1,0,1,0
1863,RandomKid,21.0,14.0,26.0,46.0,0.0,0.7,3,980,0,0,0,1,1,0,1,0,0,0,0,0,0
1864,RandomKid,25.0,0.0,27.0,40.0,37.0,1.5,5,970,0,0,1,0,0,1,1,0,0,0,1,0,1
1865,RandomKid,21.0,14.0,0.0,46.0,23.0,0.4,3,980,0,0,0,1,1,1,0,0,0,0,0,0,0
1866,RandomKid,25.0,0.0,54.0,0.0,46.0,0.6,4,920,1,0,0,0,0,0,1,0,2,0,0,0,0
1867,RandomKid,21.0,0.0,14.0,60.0,14.0,1.5,4,970,0,0,0,0,1,0,0,0,1,0,1,0,1
1868,RandomKid,21.0,0.0,14.0,73.0,0.0,0.7,3,1000,0,0,1,0,1,0,0,0,1,0,0,0,0
1869,RandomKid,22.0,27.0,14.0,27.0,23.0,0.6,5,950,0,0,0,0,0,1,0,0,1,1,2,0,0
1870,RandomKid,22.0,0.0,28.0,46.0,14.0,0.8,4,920,0,0,0,0,1,0,0,0,2,0,0,0,1
1871,RandomKid,22.0,46.0,0.0,41.0,0.0,0.7,4,1000,0,0,0,0,0,0,0,0,0,0,3,1,0
1872,RandomKid,21.0,14.0,26.0,46.0,0.0,1.6,3,980,0,0,0,1,1,0,1,0,0,0,0,0,0
1873,RandomKid,21.0,73.0,14.0,0.0,0.0,0.4,3,1000,0,0,0,0,0,0,0,0,1,1,0,1,0
1874,RandomKid,25.0,0.0,14.0,0.0,88.0,0.4,5,980,1,0,0,0,0,0,0,0,1,0,0,0,3
1875,RandomKid,26.0,14.0,40.0,0.0,53.0,1.4,5,980,0,0,0,1,0,0,1,2,1,0,0,0,0
1876,RandomKid,23.0,0.0,92.0,0.0,0.0,0.8,2,1000,0,2,0,0,0,0,0,0,0,0,0,0,0
1877,RandomKid,26.0,0.0,41.0,0.0,67.0,1.0,5,920,0,0,0,0,0,0,1,2,1,0,0,0,1
1878,RandomKid,22.0,27.0,14.0,14.0,37.0,0.7,5,920,0,0,0,0,0,1,0,0,1,1,1,0,1
1879,RandomKid,26.0,0.0,53.0,53.0,0.0,0.8,4,1000,0,0,2,0,0,0,2,0,0,0,0,0,0
1880,RandomKid,27.0,27.0,54.0,0.0,27.0,0.4,5,1000,0,0,0,0,0,0,1,1,2,1,0,0,0
1881,RandomKid,22.0,0.0,92.0,0.0,0.0,1.7,2,1000,0,2,0,0,0,0,0,0,0,0,0,0,0
1882,RandomKid,24.0,0.0,27.0,0.0,69.0,0.6,3,920,1,0,0,0,0,1,1,0,0,0,0,0,0
1883,RandomKid,21.0,0.0,47.0,41.0,0.0,0.6,3,950,0,1,1,0,0,0,0,0,0,0,1,0,0
1884,RandomKid,24.0,14.0,14.0,0.0,69.0,1.0,4,1000,1,0,0,1,0,1,0,0,1,0,0,0,0
1885,RandomKid,25.0,0.0,88.0,14.0,0.0,0.4,5,950,0,1,0,0,0,0,0,0,3,0,1,0,0
1886,RandomKid,21.0,27.0,0.0,0.0,60.0,0.8,3,990,1,0,0,0,0,0,0,0,0,1,0,0,1
1887,RandomKid,26.0,0.0,14.0,27.0,64.0,0.2,5,970,0,0,1,0,0,1,0,1,1,0,0,0,1
1888,RandomKid,24.0,28.0,41.0,14.0,14.0,0.4,6,930,0,0,0,2,0,0,1,0,1,0,1,0,1
1889,RandomKid,21.0,46.0,14.0,27.0,0.0,1.2,3,950,0,0,1,0,0,0,0,0,1,0,0,1,0
1890,RandomKid,25.0,0.0,14.0,0.0,87.0,1.0,4,990,1,0,0,0,0,0,0,1,1,0,0,0,1
1891,RandomKid,21.0,0.0,14.0,73.0,0.0,1.5,3,1000,0,0,1,0,1,0,0,0,1,0,0,0,0
1892,RandomKid,21.0,60.0,27.0,0.0,0.0,0.6,3,930,0,0,0,1,0,0,1,0,0,0,0,1,0
1893,RandomKid,21.0,14.0,0.0,46.0,23.0,0.2,3,980,0,0,0,1,1,1,0,0,0,0,0,0,0
1894,RandomKid,24.0,46.0,41.0,14.0,0.0,1.3,4,1000,0,0,0,0,0,0,1,0,1,0,1,1,0
1895,RandomKid,25.0,0.0,87.0,0.0,14.0,0.6,4,920,0,1,0,0,0,0,1,0,1,0,0,0,1
1896,RandomKid,22.0,27.0,60.0,0.0,0.0,0.5,3,950,0,1,0,0,0,0,0,0,1,1,0,0,0
1897,RandomKid,23.0,14.0,0.0,27.0,54.0,0.7,5,970,0,0,1,1,0,0,0,1,0,0,0,0,2
1898,RandomKid,24.0,27.0,14.0,0.0,54.0,0.2,5,940,0,0,0,0,0,0,0,1,1,1,0,0,2
1899,RandomKid,27.0,14.0,53.0,14.0,28.0,0.6,6,970,0,0,0,1,0,0,2,0,0,0,1,0,2
1900,RandomKid,25.0,0.0,40.0,0.0,60.0,1.0,4,940,1,0,0,0,0,0,1,0,1,0,0,0,1
1901,RandomKid,21.0,47.0,0.0,14.0,27.0,0.6,3,950,0,0,0,0,0,0,0,1,0,0,1,1,0
1902,RandomKid,24.0,0.0,54.0,0.0,46.0,1.2,3,920,1,0,0,0,0,0,2,0,0,0,0,0,0
1903,RandomKid,23.0,27.0,14.0,0.0,53.0,0.2,4,950,0,0,0,0,0,0,0,2,1,1,0,0,0
1904,RandomKid,20.0,54.0,14.0,0.0,14.0,0.8,5,930,0,0,0,2,0,0,0,0,1,1,0,0,1
1905,RandomKid,24.0,0.0,27.0,0.0,74.0,1.3,4,960,1,0,0,0,0,0,1,0,0,0,0,0,2
1906,RandomKid,17.0,14.0,0.0,59.0,0.0,1.9,3,930,0,0,0,1,1,0,0,0,0,0,1,0,0
1907,RandomKid,22.0,27.0,14.0,0.0,47.0,0.1,3,970,1,0,0,0,0,0,0,0,1,1,0,0,0
1908,RandomKid,18.0,14.0,0.0,60.0,0.0,1.1,3,930,0,0,0,1,1,0,0,0,0,0,1,0,0
1909,RandomKid,22.0,60.0,14.0,0.0,14.0,0.5,4,950,0,0,0,1,0,0,0,0,1,0,0,1,1
1910,RandomKid,21.0,0.0,46.0,27.0,14.0,1.3,3,920,0,1,1,0,0,0,0,0,0,0,0,0,1
1911,RandomKid,23.0,53.0,41.0,0.0,0.0,0.2,4,1000,0,0,0,0,0,0,1,0,1,2,0,0,0
1912,RandomKid,23.0,0.0,46.0,27.0,23.0,1.7,3,1000,0,1,1,0,0,1,0,0,0,0,0,0,0
1913,RandomKid,23.0,40.0,14.0,0.0,40.0,1.0,5,1000,0,0,0,1,0,0,0,1,1,1,0,0,1
1914,RandomKid,25.0,0.0,60.0,14.0,27.0,0.4,5,990,0,1,0,0,0,0,0,0,1,0,1,0,2
1915,RandomKid,22.0,46.0,0.0,0.0,46.0,1.4,3,950,0,0,0,0,0,2,0,0,0,0,0,1,0
1916,RandomKid,30.0,0.0,67.0,0.0,54.0,1.0,6,990,0,0,0,0,0,0,2,1,1,0,0,0,2
1917,RandomKid,24.0,46.0,0.0,0.0,50.0,0.3,4,990,0,0,0,0,0,1,0,0,0,0,0,1,2
1918,RandomKid,23.0,27.0,41.0,27.0,0.0,1.2,4,950,0,0,1,0,0,0,1,0,1,1,0,0,0
1919,RandomKid,26.0,0.0,0.0,27.0,78.0,0.8,6,980,0,0,1,0,0,1,0,0,0,0,0,0,4
1920,RandomKid,23.0,46.0,0.0,0.0,46.0,1.0,3,950,0,0,0,0,0,2,0,0,0,0,0,1,0
1921,RandomKid,25.0,46.0,40.0,0.0,14.0,0.7,4,970,0,0,0,0,0,0,1,0,1,0,0,1,1
1922,RandomKid,24.0,14.0,14.0,0.0,69.0,1.3,4,1000,1,0,0,1,0,1,0,0,1,0,0,0,0
1923,RandomKid,21.0,0.0,0.0,40.0,46.0,1.1,3,970,1,0,1,0,0,0,0,0,0,0,1,0,0
1924,RandomKid,24.0,0.0,14.0,0.0,86.0,1.4,4,990,1,0,0,0,0,0,0,1,1,0,0,0,1
1925,RandomKid,25.0,0.0,87.0,14.0,0.0,0.5,4,950,0,1,0,0,0,0,1,0,1,0,1,0,0
1926,RandomKid,22.0,27.0,0.0,0.0,63.0,0.6,4,920,0,0,0,0,0,1,0,1,0,1,0,0,1
1927,RandomKid,25.0,0.0,100.0,0.0,0.0,0.0,4,1000,0,1,0,0,0,0,2,0,1,0,0,0,0
1928,RandomKid,22.0,0.0,0.0,14.0,74.0,0.7,4,910,1,0,0,0,0,0,0,0,0,0,1,0,2
1929,RandomKid,22.0,27.0,46.0,14.0,0.0,0.2,3,1000,0,1,0,0,0,0,0,0,0,1,1,0,0
1930,RandomKid,21.0,14.0,28.0,46.0,0.0,1.4,4,980,0,0,0,1,1,0,0,0,2,0,0,0,0
1931,RandomKid,23.0,27.0,0.0,14.0,53.0,0.7,4,1000,0,0,0,0,0,0,0,2,0,1,1,0,0
1932,RandomKid,24.0,0.0,0.0,14.0,83.0,1.2,4,990,1,0,0,0,0,1,0,0,0,0,1,0,1
1933,RandomKid,21.0,27.0,0.0,0.0,59.0,0.8,3,990,1,0,0,0,0,0,0,0,0,1,0,0,1
